id,speed,jamf,time
36283,88,0.63598,6/11/2019 17:10
36283,87,0.71966,6/11/2019 17:27
36283,87,0.71966,6/11/2019 17:29
36283,87,0.71966,6/11/2019 17:30
36283,87,0.71966,6/11/2019 17:31
36283,87,0.71966,6/11/2019 17:32
36283,87,0.71966,6/11/2019 17:33
36283,87,0.71966,6/11/2019 17:34
36283,87,0.71966,6/11/2019 17:35
36283,87,0.71966,6/11/2019 17:36
36283,87,0.71966,6/11/2019 17:37
36283,87,0.71966,6/11/2019 17:38
36283,87,0.71966,6/11/2019 17:39
36283,87,0.71966,6/11/2019 17:40
36283,87,0.71966,6/11/2019 17:41
36283,87,0.71966,6/11/2019 17:42
36283,87,0.71966,6/11/2019 17:43
36283,87,0.71966,6/11/2019 17:44
36283,87,0.71966,6/11/2019 17:45
36283,87,0.71966,6/11/2019 17:46
36283,86,0.80334,6/11/2019 17:47
36283,86,0.80334,6/11/2019 17:48
36283,86,0.80334,6/11/2019 17:49
36283,86,0.80334,6/11/2019 17:50
36283,86,0.80334,6/11/2019 17:51
36283,86,0.80334,6/11/2019 17:52
36283,86,0.80334,6/11/2019 17:53
36283,86,0.80334,6/11/2019 17:54
36283,86,0.80334,6/11/2019 17:55
36283,86,0.80334,6/11/2019 17:56
36283,86,0.80334,6/11/2019 17:57
36283,86,0.80334,6/11/2019 17:58
36283,86,0.80334,6/11/2019 17:59
36283,86,0.80334,6/11/2019 18:00
36283,86,0.80334,6/11/2019 18:01
36283,86,0.80334,6/11/2019 18:02
36283,86,0.80334,6/11/2019 18:03
36283,86,0.80334,6/11/2019 18:04
36283,86,0.80334,6/11/2019 18:05
36283,86,0.80334,6/11/2019 18:06
36283,86,0.80334,6/11/2019 18:07
36283,86,0.80334,6/11/2019 18:08
36283,86,0.80334,6/11/2019 18:09
36283,86,0.80334,6/11/2019 18:10
36283,86,0.80334,6/11/2019 18:11
36283,86,0.80334,6/11/2019 18:12
36283,86,0.80334,6/11/2019 18:13
36283,86,0.80334,6/11/2019 18:14
36283,86,0.80334,6/11/2019 18:15
36283,86,0.80334,6/11/2019 18:16
36283,85,0.88702,6/11/2019 18:17
36283,85,0.88702,6/11/2019 18:18
36283,85,0.88702,6/11/2019 18:19
36283,85,0.88702,6/11/2019 18:20
36283,83.49,1.01309,6/11/2019 18:21
36283,84.05,0.9663,6/11/2019 18:22
36283,84.19,0.95517,6/11/2019 18:23
36283,84.19,0.95517,6/11/2019 18:24
36283,84.66,0.91573,6/11/2019 18:25
36283,85.24,0.86708,6/11/2019 18:26
36283,85.21,0.86918,6/11/2019 18:27
36283,85.58,0.83878,6/11/2019 18:28
36283,86.25,0.78251,6/11/2019 18:29
36283,86.17,0.78922,6/11/2019 18:30
36283,87.2,0.7031,6/11/2019 18:31
36283,86.92,0.72639,6/11/2019 18:32
36283,86.79,0.73756,6/11/2019 18:33
36283,87.8,0.65275,6/11/2019 18:34
36283,88.34,0.60774,6/11/2019 18:35
36283,88.74,0.57383,6/11/2019 18:36
36283,90.06,0.46392,6/11/2019 18:37
36283,90.68,0.41154,6/11/2019 18:38
36283,90.13,0.45762,6/11/2019 18:39
36283,89.74,0.49008,6/11/2019 18:40
36283,89.45,0.51422,6/11/2019 18:41
36283,89.28,0.5285,6/11/2019 18:42
36283,88.87,0.56287,6/11/2019 18:43
36283,88.56,0.58909,6/11/2019 18:44
36283,88.38,0.60417,6/11/2019 18:45
36283,87.97,0.63847,6/11/2019 18:46
36283,87.3,0.69426,6/11/2019 18:47
36283,87.11,0.71082,6/11/2019 18:48
36283,86.7,0.74438,6/11/2019 18:49
36283,86.4,0.76949,6/11/2019 18:50
36283,86.25,0.78234,6/11/2019 18:51
36283,85.89,0.81245,6/11/2019 18:52
36283,85.62,0.83479,6/11/2019 18:53
36283,85.52,0.84388,6/11/2019 18:54
36283,85.18,0.87163,6/11/2019 18:55
36283,84.95,0.89136,6/11/2019 18:56
36283,84.89,0.89585,6/11/2019 18:57
36283,84.61,0.91946,6/11/2019 18:58
36283,84.42,0.93568,6/11/2019 18:59
36283,84.42,0.93568,6/11/2019 19:00
36283,84.21,0.95277,6/11/2019 19:01
36283,83.72,0.99453,6/11/2019 19:02
36283,83.79,0.98812,6/11/2019 19:03
36283,83.65,1.00026,6/11/2019 19:04
36283,83.58,1.00567,6/11/2019 19:05
36283,83.47,1.01516,6/11/2019 19:06
36283,82.78,1.07282,6/11/2019 19:07
36283,81.81,1.15432,6/11/2019 19:08
36283,81.81,1.15432,6/11/2019 19:09
36283,83,1.05439,6/11/2019 19:10
36283,83,1.05439,6/11/2019 19:11
36283,83,1.05439,6/11/2019 19:12
36283,83,1.05439,6/11/2019 19:13
36283,83,1.05439,6/11/2019 19:14
36283,83,1.05439,6/11/2019 19:15
36283,83,1.05439,6/11/2019 19:16
36283,83,1.05439,6/11/2019 19:17
36283,83,1.05439,6/11/2019 19:18
36283,83,1.05439,6/11/2019 19:19
36283,83,1.05439,6/11/2019 19:20
36283,83,1.05439,6/11/2019 19:21
36283,83,1.05439,6/11/2019 19:22
36283,83,1.05439,6/11/2019 19:23
36283,83,1.05439,6/11/2019 19:24
36283,83,1.05439,6/11/2019 19:25
36283,83,1.05439,6/11/2019 19:26
36283,83,1.05439,6/11/2019 19:27
36283,83,1.05439,6/11/2019 19:28
36283,83,1.05439,6/11/2019 19:29
36283,83,1.05439,6/11/2019 19:30
36283,83,1.05439,6/11/2019 19:31
36283,82,1.13807,6/11/2019 19:32
36283,82,1.13807,6/11/2019 19:33
36283,82,1.13807,6/11/2019 19:34
36283,82,1.13807,6/11/2019 19:35
36283,82,1.13807,6/11/2019 19:36
36283,82,1.13807,6/11/2019 19:37
36283,82,1.13807,6/11/2019 19:38
36283,82,1.13807,6/11/2019 19:39
36283,82,1.13807,6/11/2019 19:40
36283,82,1.13807,6/11/2019 19:41
36283,82,1.13807,6/11/2019 19:42
36283,82,1.13807,6/11/2019 19:43
36283,82,1.13807,6/11/2019 19:44
36283,82,1.13807,6/11/2019 19:45
36283,82,1.13807,6/11/2019 19:46
36283,81,1.22175,6/11/2019 19:47
36283,81,1.22175,6/11/2019 19:48
36283,81,1.22175,6/11/2019 19:49
36283,81,1.22175,6/11/2019 19:50
36283,81,1.22175,6/11/2019 19:51
36283,81,1.22175,6/11/2019 19:52
36283,81,1.22175,6/11/2019 19:53
36283,81,1.22175,6/11/2019 19:54
36283,81,1.22175,6/11/2019 19:55
36283,81,1.22175,6/11/2019 19:56
36283,81,1.22175,6/11/2019 19:57
36283,81,1.22175,6/11/2019 19:58
36283,81,1.22175,6/11/2019 19:59
36283,81,1.22175,6/11/2019 20:00
36283,81,1.22175,6/11/2019 20:01
36283,81,1.22175,6/11/2019 20:02
36283,81,1.22175,6/11/2019 20:03
36283,81,1.22175,6/11/2019 20:04
36283,81,1.22175,6/11/2019 20:05
36283,81,1.22175,6/11/2019 20:06
36283,81,1.22175,6/11/2019 20:07
36283,81,1.22175,6/11/2019 20:08
36283,81,1.22175,6/11/2019 20:09
36283,81,1.22175,6/11/2019 20:10
36283,81,1.22175,6/11/2019 20:11
36283,81,1.22175,6/11/2019 20:12
36283,81,1.22175,6/11/2019 20:13
36283,81,1.22175,6/11/2019 20:14
36283,81,1.22175,6/11/2019 20:15
36283,81,1.22175,6/11/2019 20:16
36283,80,1.30543,6/11/2019 20:17
36283,80,1.30543,6/11/2019 20:18
36283,80,1.30543,6/11/2019 20:19
36283,80,1.30543,6/11/2019 20:20
36283,80,1.30543,6/11/2019 20:21
36283,80,1.30543,6/11/2019 20:22
36283,80,1.30543,6/11/2019 20:23
36283,80,1.30543,6/11/2019 20:24
36283,80,1.30543,6/11/2019 20:25
36283,80,1.30543,6/11/2019 20:26
36283,80,1.30543,6/11/2019 20:27
36283,80,1.30543,6/11/2019 20:28
36283,80,1.30543,6/11/2019 20:29
36283,80,1.30543,6/11/2019 20:30
36283,80,1.30543,6/11/2019 20:31
36283,79,1.38912,6/11/2019 20:32
36283,79,1.38912,6/11/2019 20:33
36283,79,1.38912,6/11/2019 20:34
36283,79,1.38912,6/11/2019 20:35
36283,79,1.38912,6/11/2019 20:36
36283,79,1.38912,6/11/2019 20:37
36283,79,1.38912,6/11/2019 20:38
36283,79,1.38912,6/11/2019 20:39
36283,79,1.38912,6/11/2019 20:40
36283,79,1.38912,6/11/2019 20:41
36283,79,1.38912,6/11/2019 20:42
36283,79,1.38912,6/11/2019 20:43
36283,79,1.38912,6/11/2019 20:44
36283,79,1.38912,6/11/2019 20:45
36283,79,1.38912,6/11/2019 20:46
36283,78,1.4728,6/11/2019 20:47
36283,78,1.4728,6/11/2019 20:48
36283,78,1.4728,6/11/2019 20:49
36283,78,1.4728,6/11/2019 20:50
36283,78,1.4728,6/11/2019 20:51
36283,78,1.4728,6/11/2019 20:52
36283,78,1.4728,6/11/2019 20:53
36283,78,1.4728,6/11/2019 20:54
36283,78,1.4728,6/11/2019 20:55
36283,78,1.4728,6/11/2019 20:56
36283,78,1.4728,6/11/2019 20:57
36283,78,1.4728,6/11/2019 20:58
36283,78,1.4728,6/11/2019 20:59
36283,78,1.4728,6/11/2019 21:00
36283,78,1.4728,6/11/2019 21:01
36283,78,1.4728,6/11/2019 21:02
36283,78,1.4728,6/11/2019 21:03
36283,78,1.4728,6/11/2019 21:04
36283,78,1.4728,6/11/2019 21:05
36283,78,1.4728,6/11/2019 21:06
36283,78,1.4728,6/11/2019 21:07
36283,78,1.4728,6/11/2019 21:08
36283,78,1.4728,6/11/2019 21:09
36283,78,1.4728,6/11/2019 21:10
36283,78,1.4728,6/11/2019 21:11
36283,78,1.4728,6/11/2019 21:12
36283,78,1.4728,6/11/2019 21:13
36283,78,1.4728,6/11/2019 21:14
36283,78,1.4728,6/11/2019 21:15
36283,78,1.4728,6/11/2019 21:16
36283,77,1.55648,6/11/2019 21:17
36283,77,1.55648,6/11/2019 21:18
36283,77,1.55648,6/11/2019 21:19
36283,77,1.55648,6/11/2019 21:20
36283,77,1.55648,6/11/2019 21:21
36283,77,1.55648,6/11/2019 21:22
36283,77,1.55648,6/11/2019 21:23
36283,77,1.55648,6/11/2019 21:24
36283,77,1.55648,6/11/2019 21:25
36283,77,1.55648,6/11/2019 21:26
36283,77,1.55648,6/11/2019 21:27
36283,77,1.55648,6/11/2019 21:28
36283,77,1.55648,6/11/2019 21:29
36283,77,1.55648,6/11/2019 21:30
36283,77,1.55648,6/11/2019 21:31
36283,77,1.55648,6/11/2019 21:32
36283,77,1.55648,6/11/2019 21:33
36283,77,1.55648,6/11/2019 21:34
36283,77,1.55648,6/11/2019 21:35
36283,77,1.55648,6/11/2019 21:36
36283,77,1.55648,6/11/2019 21:37
36283,77,1.55648,6/11/2019 21:38
36283,77,1.55648,6/11/2019 21:39
36283,77,1.55648,6/11/2019 21:40
36283,77,1.55648,6/11/2019 21:41
36283,77,1.55648,6/11/2019 21:42
36283,77,1.55648,6/11/2019 21:43
36283,79.69,1.33099,6/11/2019 21:44
36283,80.29,1.28131,6/11/2019 21:45
36283,80.45,1.26743,6/11/2019 21:46
36283,80.78,1.24029,6/11/2019 21:47
36283,81.7,1.16276,6/11/2019 21:48
36283,81.92,1.14495,6/11/2019 21:49
36283,82.41,1.10353,6/11/2019 21:50
36283,82.96,1.05752,6/11/2019 21:51
36283,82.83,1.06893,6/11/2019 21:52
36283,83.84,0.98449,6/11/2019 21:53
36283,83.81,0.98662,6/11/2019 21:54
36283,83.43,1.01839,6/11/2019 21:55
36283,83.72,0.99388,6/11/2019 21:56
36283,86.5,0.76191,6/11/2019 21:57
36283,86.37,0.77274,6/11/2019 21:58
36283,88,0.63579,6/11/2019 21:59
36283,88.96,0.55537,6/11/2019 22:00
36283,89.21,0.5348,6/11/2019 22:01
36283,89.09,0.54452,6/11/2019 22:02
36283,89.25,0.53143,6/11/2019 22:03
36283,89,0.55244,6/11/2019 22:04
36283,89.14,0.54039,6/11/2019 22:05
36283,89.25,0.531,6/11/2019 22:06
36283,89.07,0.54624,6/11/2019 22:07
36283,88.55,0.59024,6/11/2019 22:08
36283,88.75,0.57349,6/11/2019 22:09
36283,88.34,0.60742,6/11/2019 22:10
36283,88.04,0.63273,6/11/2019 22:11
36283,87.95,0.64042,6/11/2019 22:12
36283,87.54,0.6748,6/11/2019 22:13
36283,86.61,0.75221,6/11/2019 22:14
36283,86.71,0.74394,6/11/2019 22:15
36283,86.01,0.80266,6/11/2019 22:16
36283,85.02,0.88575,6/11/2019 22:17
36283,83.7,0.99575,6/11/2019 22:18
36283,83.51,1.01143,6/11/2019 22:19
36283,83.89,0.97974,6/11/2019 22:20
36283,84.26,0.94894,6/11/2019 22:21
36283,83.24,1.03398,6/11/2019 22:22
36283,82.8,1.07137,6/11/2019 22:23
36283,83.01,1.05314,6/11/2019 22:24
36283,82.82,1.06979,6/11/2019 22:25
36283,80.65,1.2508,6/11/2019 22:26
36283,80.77,1.2407,6/11/2019 22:27
36283,80.35,1.27605,6/11/2019 22:28
36283,79.86,1.3169,6/11/2019 22:29
36283,79.59,1.33961,6/11/2019 22:30
36283,79.42,1.35384,6/11/2019 22:31
36283,79.83,1.31983,6/11/2019 22:32
36283,79.82,1.32021,6/11/2019 22:33
36283,79.74,1.3276,6/11/2019 22:34
36283,79.63,1.33634,6/11/2019 22:35
36283,79.64,1.33569,6/11/2019 22:36
36283,79.58,1.34058,6/11/2019 22:37
36283,79.51,1.34678,6/11/2019 22:38
36283,79.51,1.34678,6/11/2019 22:39
36283,79.45,1.35157,6/11/2019 22:40
36283,79.38,1.35732,6/11/2019 22:41
36283,79.36,1.35911,6/11/2019 22:42
36283,79.3,1.36413,6/11/2019 22:43
36283,79.23,1.36957,6/11/2019 22:44
36283,79.19,1.37306,6/11/2019 22:45
36283,79.13,1.37835,6/11/2019 22:46
36283,80.76,1.24215,6/11/2019 22:47
36283,80.69,1.24747,6/11/2019 22:48
36283,80.64,1.25193,6/11/2019 22:49
36283,80.64,1.25193,6/11/2019 22:50
36283,75,1.72384,6/11/2019 22:51
36283,75,1.72384,6/11/2019 22:52
36283,75,1.72384,6/11/2019 22:53
36283,75,1.72384,6/11/2019 22:54
36283,75,1.72384,6/11/2019 22:55
36283,75,1.72384,6/11/2019 22:56
36283,75,1.72384,6/11/2019 22:57
36283,75,1.72384,6/11/2019 22:58
36283,75,1.72384,6/11/2019 22:59
36283,75,1.72384,6/11/2019 23:00
36283,75,1.72384,6/11/2019 23:01
36283,81,1.22175,6/11/2019 23:02
36283,81,1.22175,6/11/2019 23:03
36283,81,1.22175,6/11/2019 23:04
36283,81,1.22175,6/11/2019 23:05
36283,81,1.22175,6/11/2019 23:06
36283,81,1.22175,6/11/2019 23:07
36283,81,1.22175,6/11/2019 23:08
36283,81,1.22175,6/11/2019 23:09
36283,81,1.22175,6/11/2019 23:10
36283,81,1.22175,6/11/2019 23:11
36283,81,1.22175,6/11/2019 23:12
36283,81,1.22175,6/11/2019 23:13
36283,81,1.22175,6/11/2019 23:14
36283,81,1.22175,6/11/2019 23:15
36283,81,1.22175,6/11/2019 23:16
36283,89,0.5523,6/11/2019 23:17
36283,89,0.5523,6/11/2019 23:18
36283,89,0.5523,6/11/2019 23:19
36283,89,0.5523,6/11/2019 23:20
36283,89,0.5523,6/11/2019 23:21
36283,89,0.5523,6/11/2019 23:22
36283,89,0.5523,6/11/2019 23:23
36283,89,0.5523,6/11/2019 23:24
36283,89,0.5523,6/11/2019 23:25
36283,89,0.5523,6/11/2019 23:26
36283,89,0.5523,6/11/2019 23:27
36283,89,0.5523,6/11/2019 23:28
36283,89,0.5523,6/11/2019 23:29
36283,89,0.5523,6/11/2019 23:30
36283,89,0.5523,6/11/2019 23:31
36283,94,0.13389,6/11/2019 23:32
36283,94,0.13389,6/11/2019 23:33
36283,94,0.13389,6/11/2019 23:34
36283,94,0.13389,6/11/2019 23:35
36283,94,0.13389,6/11/2019 23:36
36283,94,0.13389,6/11/2019 23:37
36283,94,0.13389,6/11/2019 23:38
36283,94,0.13389,6/11/2019 23:39
36283,94,0.13389,6/11/2019 23:40
36283,94,0.13389,6/11/2019 23:41
36283,94,0.13389,6/11/2019 23:42
36283,94,0.13389,6/11/2019 23:43
36283,94,0.13389,6/11/2019 23:44
36283,94,0.13389,6/11/2019 23:45
36283,94,0.13389,6/11/2019 23:46
36283,95,0.0502,6/11/2019 23:47
36283,95,0.0502,6/11/2019 23:48
36283,95,0.0502,6/11/2019 23:49
36283,95,0.0502,6/11/2019 23:50
36283,95,0.0502,6/11/2019 23:51
36283,95,0.0502,6/11/2019 23:52
36283,95,0.0502,6/11/2019 23:53
36283,95,0.0502,6/11/2019 23:54
36283,95,0.0502,6/11/2019 23:55
36283,95.21,0.03269,6/11/2019 23:56
36283,95.05,0.04641,6/11/2019 23:57
36283,94.78,0.06879,6/11/2019 23:58
36283,94.78,0.06879,6/11/2019 23:59
36283,94.6,0.08336,7/11/2019 0:00
36283,94.62,0.08238,7/11/2019 0:01
36283,94.62,0.08238,7/11/2019 0:02
36283,94.5,0.09217,7/11/2019 0:03
36283,94.52,0.09077,7/11/2019 0:04
36283,94.45,0.09634,7/11/2019 0:05
36283,94.23,0.11462,7/11/2019 0:06
36283,94.2,0.11694,7/11/2019 0:07
36283,94.25,0.11319,7/11/2019 0:08
36283,93.67,0.16159,7/11/2019 0:09
36283,93.82,0.14872,7/11/2019 0:10
36283,93.89,0.14338,7/11/2019 0:11
36283,93.92,0.14017,7/11/2019 0:12
36283,93.61,0.16685,7/11/2019 0:13
36283,93.69,0.15963,7/11/2019 0:14
36283,93.38,0.18586,7/11/2019 0:15
36283,93.54,0.17208,7/11/2019 0:16
36283,93.24,0.19749,7/11/2019 0:17
36283,93.23,0.19811,7/11/2019 0:18
36283,93.42,0.1828,7/11/2019 0:19
36283,93.52,0.174,7/11/2019 0:20
36283,93.55,0.17174,7/11/2019 0:21
36283,93.74,0.1555,7/11/2019 0:22
36283,93.85,0.14612,7/11/2019 0:23
36283,93.89,0.14276,7/11/2019 0:24
36283,94.08,0.12753,7/11/2019 0:25
36283,94.19,0.1183,7/11/2019 0:26
36283,94.22,0.1151,7/11/2019 0:27
36283,94.38,0.10183,7/11/2019 0:28
36283,94.48,0.09409,7/11/2019 0:29
36283,94.51,0.09156,7/11/2019 0:30
36283,94.64,0.08025,7/11/2019 0:31
36283,94.71,0.07422,7/11/2019 0:32
36283,94.75,0.07146,7/11/2019 0:33
36283,94.85,0.06248,7/11/2019 0:34
36283,94.92,0.0567,7/11/2019 0:35
36283,94.95,0.05425,7/11/2019 0:36
36283,95.03,0.04789,7/11/2019 0:37
36283,95.07,0.04448,7/11/2019 0:38
36283,95.09,0.04259,7/11/2019 0:39
36283,95.13,0.03901,7/11/2019 0:40
36283,95.17,0.03623,7/11/2019 0:41
36283,95.2,0.03369,7/11/2019 0:42
36283,95.23,0.0312,7/11/2019 0:43
36283,95.25,0.02966,7/11/2019 0:44
36283,95.25,0.02966,7/11/2019 0:45
36283,95.25,0.02966,7/11/2019 0:46
36283,95,0.0502,7/11/2019 0:47
36283,95,0.0502,7/11/2019 0:48
36283,95,0.0502,7/11/2019 0:49
36283,95,0.0502,7/11/2019 0:50
36283,95,0.0502,7/11/2019 0:51
36283,95,0.0502,7/11/2019 0:52
36283,95,0.0502,7/11/2019 0:53
36283,95,0.0502,7/11/2019 0:54
36283,95,0.0502,7/11/2019 0:55
36283,95,0.0502,7/11/2019 0:56
36283,95,0.0502,7/11/2019 0:57
36283,95,0.0502,7/11/2019 0:58
36283,95,0.0502,7/11/2019 0:59
36283,95,0.0502,7/11/2019 1:00
36283,95,0.0502,7/11/2019 1:01
36283,95,0.0502,7/11/2019 1:02
36283,95,0.0502,7/11/2019 1:03
36283,95,0.0502,7/11/2019 1:04
36283,95,0.0502,7/11/2019 1:05
36283,95,0.0502,7/11/2019 1:06
36283,95,0.0502,7/11/2019 1:07
36283,95,0.0502,7/11/2019 1:08
36283,95,0.0502,7/11/2019 1:09
36283,95,0.0502,7/11/2019 1:10
36283,95,0.0502,7/11/2019 1:11
36283,95,0.0502,7/11/2019 1:12
36283,95,0.0502,7/11/2019 1:13
36283,95,0.0502,7/11/2019 1:14
36283,95,0.0502,7/11/2019 1:15
36283,95,0.0502,7/11/2019 1:16
36283,95,0.0502,7/11/2019 1:17
36283,95,0.0502,7/11/2019 1:18
36283,95,0.0502,7/11/2019 1:19
36283,95,0.0502,7/11/2019 1:20
36283,95,0.0502,7/11/2019 1:21
36283,95,0.0502,7/11/2019 1:22
36283,95,0.0502,7/11/2019 1:23
36283,95,0.0502,7/11/2019 1:24
36283,95,0.0502,7/11/2019 1:25
36283,95,0.0502,7/11/2019 1:26
36283,95,0.0502,7/11/2019 1:27
36283,95,0.0502,7/11/2019 1:28
36283,95,0.0502,7/11/2019 1:29
36283,95,0.0502,7/11/2019 1:30
36283,95,0.0502,7/11/2019 1:31
36283,95,0.0502,7/11/2019 1:32
36283,95,0.0502,7/11/2019 1:33
36283,95,0.0502,7/11/2019 1:34
36283,95,0.0502,7/11/2019 1:35
36283,95,0.0502,7/11/2019 1:36
36283,95,0.0502,7/11/2019 1:37
36283,95,0.0502,7/11/2019 1:38
36283,95,0.0502,7/11/2019 1:39
36283,95,0.0502,7/11/2019 1:40
36283,95,0.0502,7/11/2019 1:41
36283,95,0.0502,7/11/2019 1:42
36283,95,0.0502,7/11/2019 1:43
36283,95,0.0502,7/11/2019 1:44
36283,95,0.0502,7/11/2019 1:45
36283,95,0.0502,7/11/2019 1:46
36283,95,0.0502,7/11/2019 1:47
36283,95,0.0502,7/11/2019 1:48
36283,95,0.0502,7/11/2019 1:49
36283,95,0.0502,7/11/2019 1:50
36283,95,0.0502,7/11/2019 1:51
36283,95,0.0502,7/11/2019 1:52
36283,95,0.0502,7/11/2019 1:53
36283,95,0.0502,7/11/2019 1:54
36283,95,0.0502,7/11/2019 1:55
36283,95,0.0502,7/11/2019 1:56
36283,95,0.0502,7/11/2019 1:57
36283,95,0.0502,7/11/2019 1:58
36283,95,0.0502,7/11/2019 1:59
36283,95,0.0502,7/11/2019 2:00
36283,95,0.0502,7/11/2019 2:01
36283,95,0.0502,7/11/2019 2:02
36283,95,0.0502,7/11/2019 2:03
36283,95,0.0502,7/11/2019 2:04
36283,95,0.0502,7/11/2019 2:05
36283,95,0.0502,7/11/2019 2:06
36283,95,0.0502,7/11/2019 2:07
36283,95,0.0502,7/11/2019 2:08
36283,95,0.0502,7/11/2019 2:09
36283,95,0.0502,7/11/2019 2:10
36283,95,0.0502,7/11/2019 2:11
36283,95,0.0502,7/11/2019 2:12
36283,95,0.0502,7/11/2019 2:13
36283,95,0.0502,7/11/2019 2:14
36283,95,0.0502,7/11/2019 2:15
36283,95,0.0502,7/11/2019 2:16
36283,95,0.0502,7/11/2019 2:17
36283,95,0.0502,7/11/2019 2:18
36283,95,0.0502,7/11/2019 2:19
36283,95,0.0502,7/11/2019 2:20
36283,95,0.0502,7/11/2019 2:21
36283,95,0.0502,7/11/2019 2:22
36283,95,0.0502,7/11/2019 2:23
36283,95,0.0502,7/11/2019 2:24
36283,95,0.0502,7/11/2019 2:25
36283,95,0.0502,7/11/2019 2:26
36283,95,0.0502,7/11/2019 2:27
36283,95,0.0502,7/11/2019 2:28
36283,95,0.0502,7/11/2019 2:29
36283,95,0.0502,7/11/2019 2:30
36283,95,0.0502,7/11/2019 2:31
36283,95,0.0502,7/11/2019 2:32
36283,95,0.0502,7/11/2019 2:33
36283,95,0.0502,7/11/2019 2:34
36283,95,0.0502,7/11/2019 2:35
36283,95,0.0502,7/11/2019 2:36
36283,95,0.0502,7/11/2019 2:37
36283,95,0.0502,7/11/2019 2:38
36283,95,0.0502,7/11/2019 2:39
36283,95,0.0502,7/11/2019 2:40
36283,95,0.0502,7/11/2019 2:41
36283,95,0.0502,7/11/2019 2:42
36283,95,0.0502,7/11/2019 2:43
36283,95,0.0502,7/11/2019 2:44
36283,95,0.0502,7/11/2019 2:45
36283,95,0.0502,7/11/2019 2:46
36283,95,0.0502,7/11/2019 2:47
36283,95,0.0502,7/11/2019 2:48
36283,95,0.0502,7/11/2019 2:49
36283,95,0.0502,7/11/2019 2:50
36283,95,0.0502,7/11/2019 2:51
36283,95,0.0502,7/11/2019 2:52
36283,95,0.0502,7/11/2019 2:53
36283,95,0.0502,7/11/2019 2:54
36283,95,0.0502,7/11/2019 2:55
36283,95,0.0502,7/11/2019 2:56
36283,95,0.0502,7/11/2019 2:57
36283,95,0.0502,7/11/2019 2:58
36283,95,0.0502,7/11/2019 2:59
36283,95,0.0502,7/11/2019 3:00
36283,95,0.0502,7/11/2019 3:01
36283,95,0.0502,7/11/2019 3:02
36283,95,0.0502,7/11/2019 3:03
36283,95,0.0502,7/11/2019 3:04
36283,95,0.0502,7/11/2019 3:05
36283,95,0.0502,7/11/2019 3:06
36283,95,0.0502,7/11/2019 3:07
36283,95,0.0502,7/11/2019 3:08
36283,95,0.0502,7/11/2019 3:09
36283,95,0.0502,7/11/2019 3:10
36283,95,0.0502,7/11/2019 3:11
36283,95,0.0502,7/11/2019 3:12
36283,95,0.0502,7/11/2019 3:13
36283,95,0.0502,7/11/2019 3:14
36283,95,0.0502,7/11/2019 3:15
36283,95,0.0502,7/11/2019 3:16
36283,95,0.0502,7/11/2019 3:17
36283,95,0.0502,7/11/2019 3:18
36283,95,0.0502,7/11/2019 3:19
36283,95,0.0502,7/11/2019 3:20
36283,95,0.0502,7/11/2019 3:21
36283,95,0.0502,7/11/2019 3:22
36283,95,0.0502,7/11/2019 3:23
36283,95,0.0502,7/11/2019 3:24
36283,95,0.0502,7/11/2019 3:25
36283,95,0.0502,7/11/2019 3:26
36283,95,0.0502,7/11/2019 3:27
36283,95,0.0502,7/11/2019 3:28
36283,95,0.0502,7/11/2019 3:29
36283,95,0.0502,7/11/2019 3:30
36283,95,0.0502,7/11/2019 3:31
36283,95,0.0502,7/11/2019 3:32
36283,95,0.0502,7/11/2019 3:33
36283,95,0.0502,7/11/2019 3:34
36283,95,0.0502,7/11/2019 3:35
36283,95,0.0502,7/11/2019 3:36
36283,95,0.0502,7/11/2019 3:37
36283,95,0.0502,7/11/2019 3:38
36283,95,0.0502,7/11/2019 3:39
36283,95,0.0502,7/11/2019 3:40
36283,95,0.0502,7/11/2019 3:41
36283,95,0.0502,7/11/2019 3:42
36283,95,0.0502,7/11/2019 3:43
36283,95,0.0502,7/11/2019 3:44
36283,95,0.0502,7/11/2019 3:45
36283,95,0.0502,7/11/2019 3:46
36283,95,0.0502,7/11/2019 3:47
36283,95,0.0502,7/11/2019 3:48
36283,95,0.0502,7/11/2019 3:49
36283,95,0.0502,7/11/2019 3:50
36283,95,0.0502,7/11/2019 3:51
36283,95,0.0502,7/11/2019 3:52
36283,95,0.0502,7/11/2019 3:53
36283,95,0.0502,7/11/2019 3:54
36283,95,0.0502,7/11/2019 3:55
36283,95,0.0502,7/11/2019 3:56
36283,95,0.0502,7/11/2019 3:57
36283,95,0.0502,7/11/2019 3:58
36283,95,0.0502,7/11/2019 3:59
36283,95,0.0502,7/11/2019 4:00
36283,95,0.0502,7/11/2019 4:01
36283,95,0.0502,7/11/2019 4:02
36283,95,0.0502,7/11/2019 4:03
36283,95,0.0502,7/11/2019 4:04
36283,95,0.0502,7/11/2019 4:05
36283,95,0.0502,7/11/2019 4:06
36283,95,0.0502,7/11/2019 4:07
36283,95,0.0502,7/11/2019 4:08
36283,95,0.0502,7/11/2019 4:09
36283,95,0.0502,7/11/2019 4:10
36283,95,0.0502,7/11/2019 4:11
36283,95,0.0502,7/11/2019 4:12
36283,95,0.0502,7/11/2019 4:13
36283,95,0.0502,7/11/2019 4:14
36283,95,0.0502,7/11/2019 4:15
36283,95,0.0502,7/11/2019 4:16
36283,95,0.0502,7/11/2019 4:17
36283,95,0.0502,7/11/2019 4:18
36283,95,0.0502,7/11/2019 4:19
36283,95,0.0502,7/11/2019 4:20
36283,95,0.0502,7/11/2019 4:21
36283,95,0.0502,7/11/2019 4:22
36283,95,0.0502,7/11/2019 4:23
36283,95,0.0502,7/11/2019 4:24
36283,95,0.0502,7/11/2019 4:25
36283,95,0.0502,7/11/2019 4:26
36283,95,0.0502,7/11/2019 4:27
36283,95,0.0502,7/11/2019 4:28
36283,95,0.0502,7/11/2019 4:29
36283,95,0.0502,7/11/2019 4:30
36283,95,0.0502,7/11/2019 4:31
36283,95,0.0502,7/11/2019 4:32
36283,95,0.0502,7/11/2019 4:33
36283,95,0.0502,7/11/2019 4:34
36283,95,0.0502,7/11/2019 4:35
36283,95,0.0502,7/11/2019 4:36
36283,95,0.0502,7/11/2019 4:37
36283,95,0.0502,7/11/2019 4:38
36283,95,0.0502,7/11/2019 4:39
36283,95,0.0502,7/11/2019 4:40
36283,95,0.0502,7/11/2019 4:41
36283,95,0.0502,7/11/2019 4:42
36283,95,0.0502,7/11/2019 4:43
36283,95,0.0502,7/11/2019 4:44
36283,95,0.0502,7/11/2019 4:45
36283,95,0.0502,7/11/2019 4:46
36283,95,0.0502,7/11/2019 4:47
36283,95,0.0502,7/11/2019 4:48
36283,95,0.0502,7/11/2019 4:49
36283,95,0.0502,7/11/2019 4:50
36283,95,0.0502,7/11/2019 4:51
36283,95,0.0502,7/11/2019 4:52
36283,95,0.0502,7/11/2019 4:53
36283,95,0.0502,7/11/2019 4:54
36283,95,0.0502,7/11/2019 4:55
36283,95,0.0502,7/11/2019 4:56
36283,95,0.0502,7/11/2019 4:57
36283,95,0.0502,7/11/2019 4:58
36283,95,0.0502,7/11/2019 4:59
36283,95,0.0502,7/11/2019 5:00
36283,95,0.0502,7/11/2019 5:01
36283,95,0.0502,7/11/2019 5:02
36283,95,0.0502,7/11/2019 5:03
36283,95,0.0502,7/11/2019 5:04
36283,95,0.0502,7/11/2019 5:05
36283,95,0.0502,7/11/2019 5:06
36283,95,0.0502,7/11/2019 5:07
36283,95,0.0502,7/11/2019 5:08
36283,95,0.0502,7/11/2019 5:09
36283,95,0.0502,7/11/2019 5:10
36283,95,0.0502,7/11/2019 5:11
36283,95,0.0502,7/11/2019 5:12
36283,95,0.0502,7/11/2019 5:13
36283,95,0.0502,7/11/2019 5:14
36283,95,0.0502,7/11/2019 5:15
36283,95,0.0502,7/11/2019 5:16
36283,95,0.0502,7/11/2019 5:17
36283,95,0.0502,7/11/2019 5:18
36283,95,0.0502,7/11/2019 5:19
36283,95,0.0502,7/11/2019 5:20
36283,95,0.0502,7/11/2019 5:21
36283,95,0.0502,7/11/2019 5:22
36283,95,0.0502,7/11/2019 5:23
36283,95,0.0502,7/11/2019 5:24
36283,95,0.0502,7/11/2019 5:25
36283,95,0.0502,7/11/2019 5:26
36283,95,0.0502,7/11/2019 5:27
36283,95,0.0502,7/11/2019 5:28
36283,95,0.0502,7/11/2019 5:29
36283,95,0.0502,7/11/2019 5:30
36283,95,0.0502,7/11/2019 5:31
36283,95,0.0502,7/11/2019 5:32
36283,95,0.0502,7/11/2019 5:33
36283,95,0.0502,7/11/2019 5:34
36283,95,0.0502,7/11/2019 5:35
36283,95,0.0502,7/11/2019 5:36
36283,95,0.0502,7/11/2019 5:37
36283,95,0.0502,7/11/2019 5:38
36283,95,0.0502,7/11/2019 5:39
36283,95,0.0502,7/11/2019 5:40
36283,95,0.0502,7/11/2019 5:41
36283,95,0.0502,7/11/2019 5:42
36283,95,0.0502,7/11/2019 5:43
36283,95,0.0502,7/11/2019 5:44
36283,95,0.0502,7/11/2019 5:45
36283,95,0.0502,7/11/2019 5:46
36283,95,0.0502,7/11/2019 5:47
36283,95,0.0502,7/11/2019 5:48
36283,95,0.0502,7/11/2019 5:49
36283,95,0.0502,7/11/2019 5:50
36283,95,0.0502,7/11/2019 5:51
36283,95,0.0502,7/11/2019 5:52
36283,95,0.0502,7/11/2019 5:53
36283,95,0.0502,7/11/2019 5:54
36283,95,0.0502,7/11/2019 5:55
36283,95,0.0502,7/11/2019 5:56
36283,95,0.0502,7/11/2019 5:57
36283,95,0.0502,7/11/2019 5:58
36283,95,0.0502,7/11/2019 5:59
36283,95,0.0502,7/11/2019 6:00
36283,95,0.0502,7/11/2019 6:01
36283,95,0.0502,7/11/2019 6:02
36283,95,0.0502,7/11/2019 6:03
36283,95,0.0502,7/11/2019 6:04
36283,95,0.0502,7/11/2019 6:05
36283,95,0.0502,7/11/2019 6:06
36283,95,0.0502,7/11/2019 6:07
36283,95,0.0502,7/11/2019 6:08
36283,95,0.0502,7/11/2019 6:09
36283,95,0.0502,7/11/2019 6:10
36283,95,0.0502,7/11/2019 6:11
36283,95,0.0502,7/11/2019 6:12
36283,95,0.0502,7/11/2019 6:13
36283,95,0.0502,7/11/2019 6:14
36283,95,0.0502,7/11/2019 6:15
36283,95,0.0502,7/11/2019 6:16
36283,95,0.0502,7/11/2019 6:17
36283,95,0.0502,7/11/2019 6:18
36283,95,0.0502,7/11/2019 6:19
36283,95,0.0502,7/11/2019 6:20
36283,95,0.0502,7/11/2019 6:21
36283,95,0.0502,7/11/2019 6:22
36283,95,0.0502,7/11/2019 6:23
36283,95,0.0502,7/11/2019 6:24
36283,95,0.0502,7/11/2019 6:25
36283,95,0.0502,7/11/2019 6:26
36283,95,0.0502,7/11/2019 6:27
36283,95,0.0502,7/11/2019 6:28
36283,95,0.0502,7/11/2019 6:29
36283,95,0.0502,7/11/2019 6:30
36283,95,0.0502,7/11/2019 6:31
36283,95,0.0502,7/11/2019 6:32
36283,95,0.0502,7/11/2019 6:33
36283,95,0.0502,7/11/2019 6:34
36283,95,0.0502,7/11/2019 6:35
36283,95,0.0502,7/11/2019 6:36
36283,95,0.0502,7/11/2019 6:37
36283,95,0.0502,7/11/2019 6:38
36283,95,0.0502,7/11/2019 6:39
36283,95,0.0502,7/11/2019 6:40
36283,95,0.0502,7/11/2019 6:41
36283,95,0.0502,7/11/2019 6:42
36283,95,0.0502,7/11/2019 6:43
36283,95,0.0502,7/11/2019 6:44
36283,95,0.0502,7/11/2019 6:45
36283,95,0.0502,7/11/2019 6:46
36283,95,0.0502,7/11/2019 6:47
36283,95,0.0502,7/11/2019 6:48
36283,95,0.0502,7/11/2019 6:49
36283,95,0.0502,7/11/2019 6:50
36283,95,0.0502,7/11/2019 6:51
36283,95,0.0502,7/11/2019 6:52
36283,95,0.0502,7/11/2019 6:53
36283,95,0.0502,7/11/2019 6:54
36283,95,0.0502,7/11/2019 6:55
36283,95,0.0502,7/11/2019 6:56
36283,95,0.0502,7/11/2019 6:57
36283,95,0.0502,7/11/2019 6:58
36283,95,0.0502,7/11/2019 6:59
36283,95,0.0502,7/11/2019 7:00
36283,95,0.0502,7/11/2019 7:01
36283,95,0.0502,7/11/2019 7:02
36283,95,0.0502,7/11/2019 7:03
36283,95,0.0502,7/11/2019 7:04
36283,95,0.0502,7/11/2019 7:05
36283,95,0.0502,7/11/2019 7:06
36283,95,0.0502,7/11/2019 7:07
36283,95,0.0502,7/11/2019 7:08
36283,95,0.0502,7/11/2019 7:09
36283,95,0.0502,7/11/2019 7:10
36283,95,0.0502,7/11/2019 7:11
36283,95,0.0502,7/11/2019 7:12
36283,95,0.0502,7/11/2019 7:13
36283,95,0.0502,7/11/2019 7:14
36283,95,0.0502,7/11/2019 7:15
36283,95,0.0502,7/11/2019 7:16
36283,95,0.0502,7/11/2019 7:17
36283,95,0.0502,7/11/2019 7:18
36283,95,0.0502,7/11/2019 7:19
36283,95,0.0502,7/11/2019 7:20
36283,95,0.0502,7/11/2019 7:21
36283,95,0.0502,7/11/2019 7:22
36283,95,0.0502,7/11/2019 7:23
36283,95,0.0502,7/11/2019 7:24
36283,95,0.0502,7/11/2019 7:25
36283,95,0.0502,7/11/2019 7:26
36283,95,0.0502,7/11/2019 7:27
36283,95,0.0502,7/11/2019 7:28
36283,95,0.0502,7/11/2019 7:29
36283,95,0.0502,7/11/2019 7:30
36283,95,0.0502,7/11/2019 7:31
36283,93,0.21757,7/11/2019 7:32
36283,93,0.21757,7/11/2019 7:33
36283,93,0.21757,7/11/2019 7:34
36283,93,0.21757,7/11/2019 7:35
36283,93,0.21757,7/11/2019 7:36
36283,93,0.21757,7/11/2019 7:37
36283,93,0.21757,7/11/2019 7:38
36283,93,0.21757,7/11/2019 7:39
36283,93,0.21757,7/11/2019 7:40
36283,93,0.21757,7/11/2019 7:41
36283,93,0.21757,7/11/2019 7:42
36283,93,0.21757,7/11/2019 7:43
36283,93,0.21757,7/11/2019 7:44
36283,93,0.21757,7/11/2019 7:45
36283,93,0.21757,7/11/2019 7:46
36283,85,0.88702,7/11/2019 7:47
36283,85,0.88702,7/11/2019 7:48
36283,85,0.88702,7/11/2019 7:49
36283,85,0.88702,7/11/2019 7:50
36283,85,0.88702,7/11/2019 7:51
36283,85,0.88702,7/11/2019 7:52
36283,85,0.88702,7/11/2019 7:53
36283,85,0.88702,7/11/2019 7:54
36283,85,0.88702,7/11/2019 7:55
36283,85,0.88702,7/11/2019 7:56
36283,85,0.88702,7/11/2019 7:57
36283,85,0.88702,7/11/2019 7:58
36283,85,0.88702,7/11/2019 7:59
36283,85,0.88702,7/11/2019 8:00
36283,85,0.88702,7/11/2019 8:01
36283,80,1.30543,7/11/2019 8:02
36283,80,1.30543,7/11/2019 8:03
36283,80,1.30543,7/11/2019 8:04
36283,80,1.30543,7/11/2019 8:05
36283,80,1.30543,7/11/2019 8:06
36283,80,1.30543,7/11/2019 8:07
36283,80,1.30543,7/11/2019 8:08
36283,80,1.30543,7/11/2019 8:09
36283,80,1.30543,7/11/2019 8:10
36283,80,1.30543,7/11/2019 8:11
36283,80,1.30543,7/11/2019 8:12
36283,80,1.30543,7/11/2019 8:13
36283,80,1.30543,7/11/2019 8:14
36283,80,1.30543,7/11/2019 8:15
36283,80,1.30543,7/11/2019 8:16
36283,79,1.38912,7/11/2019 8:17
36283,79,1.38912,7/11/2019 8:18
36283,79,1.38912,7/11/2019 8:19
36283,79,1.38912,7/11/2019 8:20
36283,79,1.38912,7/11/2019 8:21
36283,79,1.38912,7/11/2019 8:22
36283,79,1.38912,7/11/2019 8:23
36283,79,1.38912,7/11/2019 8:24
36283,79,1.38912,7/11/2019 8:25
36283,79,1.38912,7/11/2019 8:26
36283,79,1.38912,7/11/2019 8:27
36283,79,1.38912,7/11/2019 8:28
36283,79,1.38912,7/11/2019 8:29
36283,79,1.38912,7/11/2019 8:30
36283,79,1.38912,7/11/2019 8:31
36283,80,1.30543,7/11/2019 8:32
36283,80,1.30543,7/11/2019 8:33
36283,80,1.30543,7/11/2019 8:34
36283,80,1.30543,7/11/2019 8:35
36283,80,1.30543,7/11/2019 8:36
36283,80,1.30543,7/11/2019 8:37
36283,80,1.30543,7/11/2019 8:38
36283,80,1.30543,7/11/2019 8:39
36283,80,1.30543,7/11/2019 8:40
36283,80,1.30543,7/11/2019 8:41
36283,80,1.30543,7/11/2019 8:42
36283,80,1.30543,7/11/2019 8:43
36283,80,1.30543,7/11/2019 8:44
36283,80,1.30543,7/11/2019 8:45
36283,80,1.30543,7/11/2019 8:46
36283,81,1.22175,7/11/2019 8:47
36283,81,1.22175,7/11/2019 8:48
36283,81,1.22175,7/11/2019 8:49
36283,81,1.22175,7/11/2019 8:50
36283,81,1.22175,7/11/2019 8:51
36283,81,1.22175,7/11/2019 8:52
36283,81,1.22175,7/11/2019 8:53
36283,81,1.22175,7/11/2019 8:54
36283,81,1.22175,7/11/2019 8:55
36283,81,1.22175,7/11/2019 8:56
36283,81,1.22175,7/11/2019 8:57
36283,81,1.22175,7/11/2019 8:58
36283,81,1.22175,7/11/2019 8:59
36283,81,1.22175,7/11/2019 9:00
36283,81,1.22175,7/11/2019 9:01
36283,81,1.22175,7/11/2019 9:02
36283,81,1.22175,7/11/2019 9:03
36283,81,1.22175,7/11/2019 9:04
36283,81,1.22175,7/11/2019 9:05
36283,81,1.22175,7/11/2019 9:06
36283,81,1.22175,7/11/2019 9:07
36283,81,1.22175,7/11/2019 9:08
36283,81,1.22175,7/11/2019 9:09
36283,81,1.22175,7/11/2019 9:10
36283,81,1.22175,7/11/2019 9:11
36283,81,1.22175,7/11/2019 9:12
36283,81,1.22175,7/11/2019 9:13
36283,81,1.22175,7/11/2019 9:14
36283,81,1.22175,7/11/2019 9:15
36283,81,1.22175,7/11/2019 9:16
36283,82,1.13807,7/11/2019 9:17
36283,82,1.13807,7/11/2019 9:18
36283,82,1.13807,7/11/2019 9:19
36283,82,1.13807,7/11/2019 9:20
36283,82,1.13807,7/11/2019 9:21
36283,82,1.13807,7/11/2019 9:22
36283,82,1.13807,7/11/2019 9:23
36283,82,1.13807,7/11/2019 9:24
36283,82,1.13807,7/11/2019 9:25
36283,82,1.13807,7/11/2019 9:26
36283,82,1.13807,7/11/2019 9:27
36283,82,1.13807,7/11/2019 9:28
36283,82,1.13807,7/11/2019 9:29
36283,82,1.13807,7/11/2019 9:30
36283,82,1.13807,7/11/2019 9:31
36283,82,1.13807,7/11/2019 9:32
36283,85.62,0.83532,7/11/2019 9:33
36283,86.26,0.78181,7/11/2019 9:34
36283,87.34,0.69094,7/11/2019 9:35
36283,87.52,0.67587,7/11/2019 9:36
36283,88.22,0.6179,7/11/2019 9:37
36283,88.36,0.60609,7/11/2019 9:38
36283,88.33,0.60812,7/11/2019 9:39
36283,88.27,0.61324,7/11/2019 9:40
36283,88.59,0.58677,7/11/2019 9:41
36283,88.7,0.57752,7/11/2019 9:42
36283,89.83,0.48278,7/11/2019 9:43
36283,89.12,0.54208,7/11/2019 9:44
36283,89.38,0.52047,7/11/2019 9:45
36283,89.81,0.48482,7/11/2019 9:46
36283,89.76,0.4884,7/11/2019 9:47
36283,89.47,0.5131,7/11/2019 9:48
36283,90.19,0.45299,7/11/2019 9:49
36283,90.35,0.43962,7/11/2019 9:50
36283,90.04,0.46511,7/11/2019 9:51
36283,90.18,0.45377,7/11/2019 9:52
36283,89.73,0.49108,7/11/2019 9:53
36283,89.41,0.51832,7/11/2019 9:54
36283,89.44,0.51508,7/11/2019 9:55
36283,89,0.55199,7/11/2019 9:56
36283,88.68,0.57888,7/11/2019 9:57
36283,88.66,0.58034,7/11/2019 9:58
36283,89.68,0.49525,7/11/2019 9:59
36283,88.82,0.56733,7/11/2019 10:00
36283,88.7,0.5776,7/11/2019 10:01
36283,89.31,0.52642,7/11/2019 10:02
36283,89.95,0.47291,7/11/2019 10:03
36283,89.7,0.49374,7/11/2019 10:04
36283,89.33,0.52491,7/11/2019 10:05
36283,89.76,0.48849,7/11/2019 10:06
36283,89.63,0.49917,7/11/2019 10:07
36283,89.64,0.4987,7/11/2019 10:08
36283,89.36,0.52245,7/11/2019 10:09
36283,89.16,0.53879,7/11/2019 10:10
36283,88.94,0.55716,7/11/2019 10:11
36283,88.83,0.56664,7/11/2019 10:12
36283,88.6,0.58576,7/11/2019 10:13
36283,88.71,0.57691,7/11/2019 10:14
36283,88.62,0.58428,7/11/2019 10:15
36283,88.47,0.59671,7/11/2019 10:16
36283,88.49,0.59525,7/11/2019 10:17
36283,88.31,0.61003,7/11/2019 10:18
36283,88.19,0.62018,7/11/2019 10:19
36283,88.06,0.6311,7/11/2019 10:20
36283,87.95,0.64046,7/11/2019 10:21
36283,87.79,0.65333,7/11/2019 10:22
36283,87.66,0.66465,7/11/2019 10:23
36283,87.53,0.67538,7/11/2019 10:24
36283,87.38,0.68768,7/11/2019 10:25
36283,87.24,0.69941,7/11/2019 10:26
36283,87.11,0.7103,7/11/2019 10:27
36283,87,0.71973,7/11/2019 10:28
36283,86.91,0.72699,7/11/2019 10:29
36283,86.81,0.7355,7/11/2019 10:30
36283,86.72,0.74294,7/11/2019 10:31
36283,86.48,0.76284,7/11/2019 10:32
36283,86.41,0.76886,7/11/2019 10:33
36283,86.36,0.77286,7/11/2019 10:34
36283,86.32,0.77648,7/11/2019 10:35
36283,86.28,0.77968,7/11/2019 10:36
36283,86.25,0.78222,7/11/2019 10:37
36283,86.22,0.78453,7/11/2019 10:38
36283,86.19,0.78751,7/11/2019 10:39
36283,86.16,0.78975,7/11/2019 10:40
36283,86.14,0.79136,7/11/2019 10:41
36283,86.13,0.79264,7/11/2019 10:42
36283,86.13,0.79264,7/11/2019 10:43
36283,85,0.88702,7/11/2019 10:44
36283,85,0.88702,7/11/2019 10:45
36283,85,0.88702,7/11/2019 10:46
36283,85,0.88702,7/11/2019 10:47
36283,85,0.88702,7/11/2019 10:48
36283,85,0.88702,7/11/2019 10:49
36283,85,0.88702,7/11/2019 10:50
36283,85,0.88702,7/11/2019 10:51
36283,85,0.88702,7/11/2019 10:52
36283,85,0.88702,7/11/2019 10:53
36283,85,0.88702,7/11/2019 10:54
36283,85,0.88702,7/11/2019 10:55
36283,85,0.88702,7/11/2019 10:56
36283,85,0.88702,7/11/2019 10:57
36283,85,0.88702,7/11/2019 10:58
36283,85,0.88702,7/11/2019 10:59
36283,85,0.88702,7/11/2019 11:00
36283,85,0.88702,7/11/2019 11:01
36283,86,0.80334,7/11/2019 11:02
36283,86,0.80334,7/11/2019 11:03
36283,86,0.80334,7/11/2019 11:04
36283,86,0.80334,7/11/2019 11:05
36283,86,0.80334,7/11/2019 11:06
36283,86,0.80334,7/11/2019 11:07
36283,86,0.80334,7/11/2019 11:08
36283,86,0.80334,7/11/2019 11:09
36283,86,0.80334,7/11/2019 11:10
36283,86,0.80334,7/11/2019 11:11
36283,86,0.80334,7/11/2019 11:12
36283,86,0.80334,7/11/2019 11:13
36283,87.25,0.69858,7/11/2019 11:14
36283,87.25,0.69858,7/11/2019 11:15
36283,87.66,0.6642,7/11/2019 11:16
36283,87.86,0.64774,7/11/2019 11:17
36283,87.84,0.64931,7/11/2019 11:18
36283,83.58,1.00614,7/11/2019 11:19
36283,83.62,1.00275,7/11/2019 11:20
36283,82.88,1.06444,7/11/2019 11:21
36283,85.33,0.85958,7/11/2019 11:22
36283,80.83,1.23621,7/11/2019 11:23
36283,80.52,1.26226,7/11/2019 11:24
36283,81.69,1.16412,7/11/2019 11:25
36283,82.35,1.10913,7/11/2019 11:26
36283,83.69,0.9966,7/11/2019 11:27
36283,84.61,0.91986,7/11/2019 11:28
36283,84.71,0.91093,7/11/2019 11:29
36283,84.47,0.93135,7/11/2019 11:30
36283,85.61,0.83583,7/11/2019 11:31
36283,85.61,0.83572,7/11/2019 11:32
36283,85.27,0.86456,7/11/2019 11:33
36283,84.26,0.94866,7/11/2019 11:34
36283,84.16,0.95765,7/11/2019 11:35
36283,83.71,0.99458,7/11/2019 11:36
36283,83.68,0.99768,7/11/2019 11:37
36283,83.27,1.03188,7/11/2019 11:38
36283,82.86,1.06616,7/11/2019 11:39
36283,86.92,0.72602,7/11/2019 11:40
36283,72.63,1.92242,7/11/2019 11:41
36283,83.72,0.99398,7/11/2019 11:42
36283,83.11,1.04494,7/11/2019 11:43
36283,80.92,1.22841,7/11/2019 11:44
36283,82.52,1.09473,7/11/2019 11:45
36283,80.37,1.27467,7/11/2019 11:46
36283,78.52,1.42951,7/11/2019 11:47
36283,78.23,1.45362,7/11/2019 11:48
36283,78.47,1.43347,7/11/2019 11:49
36283,77.94,1.47766,7/11/2019 11:50
36283,78.99,1.38992,7/11/2019 11:51
36283,79.84,1.31875,7/11/2019 11:52
36283,80.61,1.25457,7/11/2019 11:53
36283,82.69,1.08032,7/11/2019 11:54
36283,83.43,1.01877,7/11/2019 11:55
36283,83.41,1.02023,7/11/2019 11:56
36283,84.61,0.91951,7/11/2019 11:57
36283,85.12,0.87721,7/11/2019 11:58
36283,85.17,0.8726,7/11/2019 11:59
36283,85.65,0.8329,7/11/2019 12:00
36283,85.8,0.82,7/11/2019 12:01
36283,85.74,0.82513,7/11/2019 12:02
36283,86.11,0.79393,7/11/2019 12:03
36283,86.27,0.78096,7/11/2019 12:04
36283,86.25,0.78265,7/11/2019 12:05
36283,86.51,0.76059,7/11/2019 12:06
36283,86.66,0.74804,7/11/2019 12:07
36283,86.67,0.747,7/11/2019 12:08
36283,86.81,0.73521,7/11/2019 12:09
36283,86.96,0.7226,7/11/2019 12:10
36283,87.07,0.71414,7/11/2019 12:11
36283,87.21,0.70173,7/11/2019 12:12
36283,87.28,0.69602,7/11/2019 12:13
36283,87.3,0.6946,7/11/2019 12:14
36283,87.35,0.69034,7/11/2019 12:15
36283,87.32,0.69284,7/11/2019 12:16
36283,87.45,0.6819,7/11/2019 12:17
36283,87.4,0.68593,7/11/2019 12:18
36283,87.34,0.69145,7/11/2019 12:19
36283,87.26,0.69806,7/11/2019 12:20
36283,87.21,0.70229,7/11/2019 12:21
36283,87.15,0.7069,7/11/2019 12:22
36283,87.1,0.71148,7/11/2019 12:23
36283,87.06,0.71465,7/11/2019 12:24
36283,87.02,0.71788,7/11/2019 12:25
36283,86.99,0.72025,7/11/2019 12:26
36283,86.99,0.72025,7/11/2019 12:27
36283,86.97,0.72251,7/11/2019 12:28
36283,86.97,0.72251,7/11/2019 12:29
36283,88,0.63598,7/11/2019 12:30
36283,88,0.63598,7/11/2019 12:31
36283,89,0.5523,7/11/2019 12:32
36283,89,0.5523,7/11/2019 12:33
36283,89,0.5523,7/11/2019 12:34
36283,89,0.5523,7/11/2019 12:35
36283,89,0.5523,7/11/2019 12:36
36283,89,0.5523,7/11/2019 12:37
36283,89,0.5523,7/11/2019 12:38
36283,89,0.5523,7/11/2019 12:39
36283,89,0.5523,7/11/2019 12:40
36283,89,0.5523,7/11/2019 12:41
36283,89,0.5523,7/11/2019 12:42
36283,89,0.5523,7/11/2019 12:43
36283,89,0.5523,7/11/2019 12:44
36283,89,0.5523,7/11/2019 12:45
36283,89,0.5523,7/11/2019 12:46
36283,87.15,0.70704,7/11/2019 12:47
36283,87.43,0.68337,7/11/2019 12:48
36283,87.42,0.68467,7/11/2019 12:49
36283,87.49,0.67846,7/11/2019 12:50
36283,87.51,0.67712,7/11/2019 12:51
36283,88.23,0.61646,7/11/2019 12:52
36283,87.45,0.68211,7/11/2019 12:53
36283,87.78,0.65443,7/11/2019 12:54
36283,88.03,0.63315,7/11/2019 12:55
36283,88.45,0.59837,7/11/2019 12:56
36283,88.9,0.5605,7/11/2019 12:57
36283,88.65,0.58156,7/11/2019 12:58
36283,88.26,0.61384,7/11/2019 12:59
36283,83.52,1.01062,7/11/2019 13:00
36283,85.33,0.85963,7/11/2019 13:01
36283,85.22,0.86884,7/11/2019 13:02
36283,87,0.71997,7/11/2019 13:03
36283,87.05,0.71545,7/11/2019 13:04
36283,92.62,0.24895,7/11/2019 13:05
36283,93.1,0.20932,7/11/2019 13:06
36283,92.84,0.2311,7/11/2019 13:07
36283,91.68,0.32835,7/11/2019 13:08
36283,89.06,0.54719,7/11/2019 13:09
36283,90.22,0.45052,7/11/2019 13:10
36283,90.73,0.4076,7/11/2019 13:11
36283,88.91,0.55942,7/11/2019 13:12
36283,90.96,0.38807,7/11/2019 13:13
36283,92.35,0.27208,7/11/2019 13:14
36283,92.89,0.2271,7/11/2019 13:15
36283,92.06,0.29613,7/11/2019 13:16
36283,92.35,0.27204,7/11/2019 13:17
36283,92.72,0.24077,7/11/2019 13:18
36283,91.98,0.30252,7/11/2019 13:19
36283,92.05,0.29687,7/11/2019 13:20
36283,91.48,0.34504,7/11/2019 13:21
36283,90.62,0.417,7/11/2019 13:22
36283,90.63,0.41584,7/11/2019 13:23
36283,90.07,0.46297,7/11/2019 13:24
36283,89.6,0.50234,7/11/2019 13:25
36283,89.72,0.49208,7/11/2019 13:26
36283,90.56,0.42153,7/11/2019 13:27
36283,90.46,0.42982,7/11/2019 13:28
36283,90.33,0.44124,7/11/2019 13:29
36283,89.81,0.48443,7/11/2019 13:30
36283,89.45,0.51453,7/11/2019 13:31
36283,89.47,0.51322,7/11/2019 13:32
36283,88.85,0.56462,7/11/2019 13:33
36283,88.64,0.58258,7/11/2019 13:34
36283,88.59,0.58651,7/11/2019 13:35
36283,88.29,0.61202,7/11/2019 13:36
36283,88.2,0.61892,7/11/2019 13:37
36283,88.24,0.61606,7/11/2019 13:38
36283,88.02,0.63441,7/11/2019 13:39
36283,88.02,0.63441,7/11/2019 13:40
36283,87.99,0.6371,7/11/2019 13:41
36283,87.89,0.64514,7/11/2019 13:42
36283,87.82,0.65076,7/11/2019 13:43
36283,87.73,0.65836,7/11/2019 13:44
36283,87.63,0.66665,7/11/2019 13:45
36283,87.6,0.66979,7/11/2019 13:46
36283,87.49,0.67852,7/11/2019 13:47
36283,87.44,0.68275,7/11/2019 13:48
36283,87.42,0.68437,7/11/2019 13:49
36283,87.39,0.68692,7/11/2019 13:50
36283,87.38,0.68818,7/11/2019 13:51
36283,87.38,0.68818,7/11/2019 13:52
36283,87.38,0.68818,7/11/2019 13:53
36283,87.38,0.68818,7/11/2019 13:54
36283,90,0.46861,7/11/2019 13:55
36283,90,0.46861,7/11/2019 13:56
36283,85.59,0.83734,7/11/2019 13:57
36283,85.58,0.83848,7/11/2019 13:58
36283,86.1,0.79483,7/11/2019 13:59
36283,86.11,0.794,7/11/2019 14:00
36283,86.08,0.79661,7/11/2019 14:01
36283,86.39,0.77066,7/11/2019 14:02
36283,86.43,0.7671,7/11/2019 14:03
36283,86.51,0.76036,7/11/2019 14:04
36283,86.62,0.75183,7/11/2019 14:05
36283,86.64,0.74956,7/11/2019 14:06
36283,86.72,0.74328,7/11/2019 14:07
36283,86.81,0.73521,7/11/2019 14:08
36283,86.84,0.73285,7/11/2019 14:09
36283,86.99,0.72068,7/11/2019 14:10
36283,86.78,0.73783,7/11/2019 14:11
36283,86.83,0.73422,7/11/2019 14:12
36283,87.21,0.70193,7/11/2019 14:13
36283,87.01,0.71891,7/11/2019 14:14
36283,87.83,0.65008,7/11/2019 14:15
36283,88.26,0.61442,7/11/2019 14:16
36283,88.02,0.63453,7/11/2019 14:17
36283,88.09,0.62838,7/11/2019 14:18
36283,88.44,0.59956,7/11/2019 14:19
36283,88.2,0.61945,7/11/2019 14:20
36283,88.27,0.6136,7/11/2019 14:21
36283,88.58,0.58746,7/11/2019 14:22
36283,88.41,0.60185,7/11/2019 14:23
36283,89.57,0.50486,7/11/2019 14:24
36283,86.06,0.79859,7/11/2019 14:25
36283,85.73,0.826,7/11/2019 14:26
36283,85.46,0.84888,7/11/2019 14:27
36283,85.89,0.81272,7/11/2019 14:28
36283,86.17,0.78914,7/11/2019 14:29
36283,86.23,0.78375,7/11/2019 14:30
36283,87.81,0.65229,7/11/2019 14:31
36283,88.08,0.6296,7/11/2019 14:32
36283,88.74,0.57427,7/11/2019 14:33
36283,91.13,0.37412,7/11/2019 14:34
36283,90.28,0.44522,7/11/2019 14:35
36283,90.09,0.4612,7/11/2019 14:36
36283,91.95,0.30529,7/11/2019 14:37
36283,92.07,0.29535,7/11/2019 14:38
36283,91.22,0.36612,7/11/2019 14:39
36283,90.97,0.38718,7/11/2019 14:40
36283,91.47,0.34527,7/11/2019 14:41
36283,90.66,0.41365,7/11/2019 14:42
36283,90.25,0.44735,7/11/2019 14:43
36283,90.67,0.41276,7/11/2019 14:44
36283,89.9,0.47698,7/11/2019 14:45
36283,89.64,0.49834,7/11/2019 14:46
36283,88.46,0.5974,7/11/2019 14:47
36283,88.19,0.62026,7/11/2019 14:48
36283,87.87,0.64692,7/11/2019 14:49
36283,87.83,0.65062,7/11/2019 14:50
36283,87.12,0.71003,7/11/2019 14:51
36283,86.39,0.77031,7/11/2019 14:52
36283,86.65,0.74935,7/11/2019 14:53
36283,86.42,0.76794,7/11/2019 14:54
36283,86.32,0.77675,7/11/2019 14:55
36283,87.32,0.69317,7/11/2019 14:56
36283,87.87,0.6465,7/11/2019 14:57
36283,87.86,0.64774,7/11/2019 14:58
36283,87.47,0.68009,7/11/2019 14:59
36283,87.97,0.63822,7/11/2019 15:00
36283,88.02,0.63469,7/11/2019 15:01
36283,87.23,0.70055,7/11/2019 15:02
36283,86.7,0.74508,7/11/2019 15:03
36283,86.77,0.73921,7/11/2019 15:04
36283,86.48,0.76293,7/11/2019 15:05
36283,86.35,0.774,7/11/2019 15:06
36283,86.36,0.77314,7/11/2019 15:07
36283,85.15,0.87422,7/11/2019 15:08
36283,83.36,1.02409,7/11/2019 15:09
36283,84.68,0.9138,7/11/2019 15:10
36283,84.21,0.95273,7/11/2019 15:11
36283,85.12,0.87671,7/11/2019 15:12
36283,85.2,0.87053,7/11/2019 15:13
36283,86.06,0.79865,7/11/2019 15:14
36283,87.41,0.68534,7/11/2019 15:15
36283,87.11,0.71083,7/11/2019 15:16
36283,86.98,0.7214,7/11/2019 15:17
36283,87.18,0.70468,7/11/2019 15:18
36283,85,0.88726,7/11/2019 15:19
36283,85.48,0.84699,7/11/2019 15:20
36283,85.92,0.81003,7/11/2019 15:21
36283,86.19,0.78763,7/11/2019 15:22
36283,85.71,0.82794,7/11/2019 15:23
36283,85.81,0.81905,7/11/2019 15:24
36283,86.74,0.74125,7/11/2019 15:25
36283,82.43,1.10221,7/11/2019 15:26
36283,82.66,1.08301,7/11/2019 15:27
36283,84.17,0.9561,7/11/2019 15:28
36283,82.84,1.06803,7/11/2019 15:29
36283,82.89,1.06388,7/11/2019 15:30
36283,84.44,0.93394,7/11/2019 15:31
36283,82.54,1.09259,7/11/2019 15:32
36283,82.69,1.08029,7/11/2019 15:33
36283,83.92,0.97732,7/11/2019 15:34
36283,82.32,1.11121,7/11/2019 15:35
36283,82.28,1.1147,7/11/2019 15:36
36283,83.41,1.02019,7/11/2019 15:37
36283,81.58,1.17301,7/11/2019 15:38
36283,83.9,0.97932,7/11/2019 15:39
36283,85.63,0.83416,7/11/2019 15:40
36283,84.05,0.96641,7/11/2019 15:41
36283,83.9,0.97923,7/11/2019 15:42
36283,87.49,0.67864,7/11/2019 15:43
36283,87.58,0.67108,7/11/2019 15:44
36283,86.95,0.72357,7/11/2019 15:45
36283,86.61,0.75198,7/11/2019 15:46
36283,85.87,0.81426,7/11/2019 15:47
36283,85.82,0.81804,7/11/2019 15:48
36283,85.56,0.84027,7/11/2019 15:49
36283,85.67,0.83105,7/11/2019 15:50
36283,85.71,0.82747,7/11/2019 15:51
36283,85.98,0.80533,7/11/2019 15:52
36283,85.98,0.80533,7/11/2019 15:53
36283,87.14,0.70757,7/11/2019 15:54
36283,87.78,0.65399,7/11/2019 15:55
36283,87.76,0.65622,7/11/2019 15:56
36283,87.86,0.6479,7/11/2019 15:57
36283,87.69,0.66167,7/11/2019 15:58
36283,87.63,0.66686,7/11/2019 15:59
36283,87.67,0.66367,7/11/2019 16:00
36283,87.45,0.68226,7/11/2019 16:01
36283,86.91,0.72734,7/11/2019 16:02
36283,86.91,0.72734,7/11/2019 16:03
36283,86.69,0.74523,7/11/2019 16:04
36283,87.06,0.71445,7/11/2019 16:05
36283,88.59,0.58624,7/11/2019 16:06
36283,88.4,0.60272,7/11/2019 16:07
36283,88.34,0.60783,7/11/2019 16:08
36283,88.27,0.61371,7/11/2019 16:09
36283,88.08,0.62957,7/11/2019 16:10
36283,87.9,0.64447,7/11/2019 16:11
36283,87.76,0.65629,7/11/2019 16:12
36283,87.53,0.67556,7/11/2019 16:13
36283,87.34,0.69139,7/11/2019 16:14
36283,87.17,0.70508,7/11/2019 16:15
36283,86.96,0.72335,7/11/2019 16:16
36283,86.52,0.76007,7/11/2019 16:17
36283,86.33,0.77546,7/11/2019 16:18
36283,86.13,0.79231,7/11/2019 16:19
36283,85.94,0.80818,7/11/2019 16:20
36283,85.75,0.82399,7/11/2019 16:21
36283,85.59,0.83787,7/11/2019 16:22
36283,85.42,0.85176,7/11/2019 16:23
36283,85.28,0.86359,7/11/2019 16:24
36283,85.18,0.87213,7/11/2019 16:25
36283,85.09,0.87934,7/11/2019 16:26
36283,85,0.88721,7/11/2019 16:27
36283,84.92,0.8941,7/11/2019 16:28
36283,84.83,0.90166,7/11/2019 16:29
36283,84.73,0.90971,7/11/2019 16:30
36283,84.64,0.91716,7/11/2019 16:31
36283,84.84,0.90032,7/11/2019 16:32
36283,84.75,0.90792,7/11/2019 16:33
36283,84.67,0.91489,7/11/2019 16:34
36283,84.58,0.92202,7/11/2019 16:35
36283,84.57,0.92327,7/11/2019 16:36
36283,84.57,0.92327,7/11/2019 16:37
36283,88,0.63598,7/11/2019 16:38
36283,88,0.63598,7/11/2019 16:39
36283,88,0.63598,7/11/2019 16:40
36283,88,0.63598,7/11/2019 16:41
36283,88,0.63598,7/11/2019 16:42
36283,88,0.63598,7/11/2019 16:43
36283,88,0.63598,7/11/2019 16:44
36283,88,0.63598,7/11/2019 16:45
36283,88,0.63598,7/11/2019 16:46
36283,88,0.63598,7/11/2019 16:47
36283,88,0.63598,7/11/2019 16:48
36283,88,0.63598,7/11/2019 16:49
36283,88,0.63598,7/11/2019 16:50
36283,88,0.63598,7/11/2019 16:51
36283,84.53,0.92615,7/11/2019 16:52
36283,84.53,0.92615,7/11/2019 16:53
36283,83.18,1.03956,7/11/2019 16:54
36283,83.16,1.0407,7/11/2019 16:55
36283,83.31,1.02811,7/11/2019 16:56
36283,83.29,1.03016,7/11/2019 16:57
36283,83.17,1.04053,7/11/2019 16:58
36283,83.34,1.02599,7/11/2019 16:59
36283,83.33,1.02654,7/11/2019 17:00
36283,83.34,1.02581,7/11/2019 17:01
36283,82.58,1.08921,7/11/2019 17:02
36283,82.74,1.07628,7/11/2019 17:03
36283,82.71,1.07895,7/11/2019 17:04
36283,82.79,1.07195,7/11/2019 17:05
36283,82.99,1.05518,7/11/2019 17:06
36283,83.02,1.05303,7/11/2019 17:07
36283,83.13,1.04366,7/11/2019 17:08
36283,83.32,1.0274,7/11/2019 17:09
36283,83.36,1.02411,7/11/2019 17:10
36283,83.47,1.01529,7/11/2019 17:11
36283,83.65,1.00011,7/11/2019 17:12
36283,83.49,1.01326,7/11/2019 17:13
36283,83.59,1.0048,7/11/2019 17:14
36283,83.99,0.97178,7/11/2019 17:15
36283,84.04,0.96716,7/11/2019 17:16
36283,83.83,0.98503,7/11/2019 17:17
36283,83.99,0.97119,7/11/2019 17:18
36283,84.05,0.96615,7/11/2019 17:19
36283,84.13,0.96002,7/11/2019 17:20
36283,84.26,0.94924,7/11/2019 17:21
36283,84.3,0.94584,7/11/2019 17:22
36283,84.34,0.94247,7/11/2019 17:23
36283,84.43,0.93513,7/11/2019 17:24
36283,84.45,0.93298,7/11/2019 17:25
36283,84.48,0.93022,7/11/2019 17:26
36283,84.54,0.9253,7/11/2019 17:27
36283,84.57,0.92322,7/11/2019 17:28
36283,84.6,0.92053,7/11/2019 17:29
36283,84.63,0.91811,7/11/2019 17:30
36283,84.63,0.91811,7/11/2019 17:31
36283,84.12,0.96053,7/11/2019 17:32
36283,84.12,0.96053,7/11/2019 17:33
36283,84.11,0.96179,7/11/2019 17:34
36283,84.1,0.96247,7/11/2019 17:35
36283,84.1,0.96247,7/11/2019 17:36
36283,84.08,0.9639,7/11/2019 17:37
36283,84.07,0.96466,7/11/2019 17:38
36283,84.07,0.96466,7/11/2019 17:39
36283,84.04,0.96696,7/11/2019 17:40
36283,84.04,0.96696,7/11/2019 17:41
36283,86,0.80334,7/11/2019 17:42
36283,86,0.80334,7/11/2019 17:43
36283,86,0.80334,7/11/2019 17:44
36283,86,0.80334,7/11/2019 17:45
36283,86,0.80334,7/11/2019 17:46
36283,86,0.80334,7/11/2019 17:47
36283,86,0.80334,7/11/2019 17:48
36283,86,0.80334,7/11/2019 17:49
36283,84.92,0.89398,7/11/2019 17:50
36283,84.9,0.8953,7/11/2019 17:51
36283,84.9,0.8953,7/11/2019 17:52
36283,84.9,0.8953,7/11/2019 17:53
36283,84.88,0.89716,7/11/2019 17:54
36283,84.85,0.89996,7/11/2019 17:55
36283,84.81,0.90253,7/11/2019 17:56
36283,84.78,0.90539,7/11/2019 17:57
36283,84.74,0.90854,7/11/2019 17:58
36283,84.71,0.9113,7/11/2019 17:59
36283,84.67,0.91435,7/11/2019 18:00
36283,84.63,0.91768,7/11/2019 18:01
36283,84.26,0.94898,7/11/2019 18:02
36283,84.22,0.95225,7/11/2019 18:03
36283,84.18,0.95578,7/11/2019 18:04
36283,84.14,0.95901,7/11/2019 18:05
36283,84.1,0.96252,7/11/2019 18:06
36283,84.05,0.96628,7/11/2019 18:07
36283,84.01,0.96979,7/11/2019 18:08
36283,83.97,0.97356,7/11/2019 18:09
36283,83.92,0.97757,7/11/2019 18:10
36283,83.87,0.9814,7/11/2019 18:11
36283,83.82,0.98547,7/11/2019 18:12
36283,83.77,0.98976,7/11/2019 18:13
36283,83.72,0.99394,7/11/2019 18:14
36283,83.67,0.99836,7/11/2019 18:15
36283,83.61,1.00296,7/11/2019 18:16
36283,83.23,1.03555,7/11/2019 18:17
36283,83.17,1.04044,7/11/2019 18:18
36283,83.15,1.04211,7/11/2019 18:19
36283,83.15,1.04211,7/11/2019 18:20
36283,84,0.97071,7/11/2019 18:21
36283,84,0.97071,7/11/2019 18:22
36283,84,0.97071,7/11/2019 18:23
36283,84,0.97071,7/11/2019 18:24
36283,84,0.97071,7/11/2019 18:25
36283,84,0.97071,7/11/2019 18:26
36283,84,0.97071,7/11/2019 18:27
36283,84,0.97071,7/11/2019 18:28
36283,84,0.97071,7/11/2019 18:29
36283,84,0.97071,7/11/2019 18:30
36283,84,0.97071,7/11/2019 18:31
36283,84,0.97071,7/11/2019 18:32
36283,84,0.97071,7/11/2019 18:33
36283,84,0.97071,7/11/2019 18:34
36283,84,0.97071,7/11/2019 18:35
36283,84,0.97071,7/11/2019 18:36
36283,84,0.97071,7/11/2019 18:37
36283,84,0.97071,7/11/2019 18:38
36283,84,0.97071,7/11/2019 18:39
36283,84,0.97071,7/11/2019 18:40
36283,84,0.97071,7/11/2019 18:41
36283,84,0.97071,7/11/2019 18:42
36283,84,0.97071,7/11/2019 18:43
36283,84,0.97071,7/11/2019 18:44
36283,84,0.97071,7/11/2019 18:45
36283,84,0.97071,7/11/2019 18:46
36283,83,1.05439,7/11/2019 18:47
36283,83,1.05439,7/11/2019 18:48
36283,83,1.05439,7/11/2019 18:49
36283,83,1.05439,7/11/2019 18:50
36283,83,1.05439,7/11/2019 18:51
36283,83,1.05439,7/11/2019 18:52
36283,83,1.05439,7/11/2019 18:53
36283,83,1.05439,7/11/2019 18:54
36283,83,1.05439,7/11/2019 18:55
36283,83,1.05439,7/11/2019 18:56
36283,83,1.05439,7/11/2019 18:57
36283,83,1.05439,7/11/2019 18:58
36283,83,1.05439,7/11/2019 18:59
36283,83,1.05439,7/11/2019 19:00
36283,83,1.05439,7/11/2019 19:01
36283,82,1.13807,7/11/2019 19:02
36283,82,1.13807,7/11/2019 19:03
36283,82,1.13807,7/11/2019 19:04
36283,82,1.13807,7/11/2019 19:05
36283,82,1.13807,7/11/2019 19:06
36283,82,1.13807,7/11/2019 19:07
36283,82,1.13807,7/11/2019 19:08
36283,82,1.13807,7/11/2019 19:09
36283,82,1.13807,7/11/2019 19:10
36283,82,1.13807,7/11/2019 19:11
36283,82,1.13807,7/11/2019 19:12
36283,82,1.13807,7/11/2019 19:13
36283,82,1.13807,7/11/2019 19:14
36283,82,1.13807,7/11/2019 19:15
36283,82,1.13807,7/11/2019 19:16
36283,82,1.13807,7/11/2019 19:17
36283,82,1.13807,7/11/2019 19:18
36283,82,1.13807,7/11/2019 19:19
36283,82,1.13807,7/11/2019 19:20
36283,82,1.13807,7/11/2019 19:21
36283,82,1.13807,7/11/2019 19:22
36283,82,1.13807,7/11/2019 19:23
36283,82,1.13807,7/11/2019 19:24
36283,82,1.13807,7/11/2019 19:25
36283,82,1.13807,7/11/2019 19:26
36283,82,1.13807,7/11/2019 19:27
36283,82,1.13807,7/11/2019 19:28
36283,82,1.13807,7/11/2019 19:29
36283,82,1.13807,7/11/2019 19:30
36283,82,1.13807,7/11/2019 19:31
36283,81,1.22175,7/11/2019 19:32
36283,81,1.22175,7/11/2019 19:33
36283,81,1.22175,7/11/2019 19:34
36283,81,1.22175,7/11/2019 19:35
36283,81,1.22175,7/11/2019 19:36
36283,81,1.22175,7/11/2019 19:37
36283,81,1.22175,7/11/2019 19:38
36283,81,1.22175,7/11/2019 19:39
36283,81,1.22175,7/11/2019 19:40
36283,81,1.22175,7/11/2019 19:41
36283,81,1.22175,7/11/2019 19:42
36283,81,1.22175,7/11/2019 19:43
36283,81,1.22175,7/11/2019 19:44
36283,80.85,1.23466,7/11/2019 19:45
36283,80.97,1.22436,7/11/2019 19:46
36283,80.93,1.22728,7/11/2019 19:47
36283,81.13,1.21098,7/11/2019 19:48
36283,81.1,1.21357,7/11/2019 19:49
36283,81.11,1.21262,7/11/2019 19:50
36283,81.13,1.21113,7/11/2019 19:51
36283,81.09,1.21455,7/11/2019 19:52
36283,81.09,1.21455,7/11/2019 19:53
36283,81.09,1.21455,7/11/2019 19:54
36283,81.05,1.21773,7/11/2019 19:55
36283,81.05,1.21773,7/11/2019 19:56
36283,81.05,1.21773,7/11/2019 19:57
36283,81.01,1.22101,7/11/2019 19:58
36283,81.01,1.22101,7/11/2019 19:59
36283,81,1.22146,7/11/2019 20:00
36283,80.97,1.22437,7/11/2019 20:01
36283,81.49,1.18064,7/11/2019 20:02
36283,81.49,1.18064,7/11/2019 20:03
36283,82.2,1.12103,7/11/2019 20:04
36283,84.15,0.95784,7/11/2019 20:05
36283,84.15,0.95784,7/11/2019 20:06
36283,84.05,0.96661,7/11/2019 20:07
36283,84.11,0.96117,7/11/2019 20:08
36283,84.1,0.96216,7/11/2019 20:09
36283,83.96,0.97392,7/11/2019 20:10
36283,83.96,0.97392,7/11/2019 20:11
36283,83.86,0.98267,7/11/2019 20:12
36283,83.69,0.99659,7/11/2019 20:13
36283,83.66,0.99884,7/11/2019 20:14
36283,84.02,0.9691,7/11/2019 20:15
36283,84.19,0.95462,7/11/2019 20:16
36283,83.94,0.97605,7/11/2019 20:17
36283,83.99,0.97143,7/11/2019 20:18
36283,84.25,0.95003,7/11/2019 20:19
36283,85.1,0.87907,7/11/2019 20:20
36283,85.26,0.86489,7/11/2019 20:21
36283,85.32,0.86004,7/11/2019 20:22
36283,85.44,0.85022,7/11/2019 20:23
36283,85.23,0.86758,7/11/2019 20:24
36283,85,0.88712,7/11/2019 20:25
36283,84.78,0.90521,7/11/2019 20:26
36283,84.53,0.92601,7/11/2019 20:27
36283,84.26,0.94866,7/11/2019 20:28
36283,84.01,0.97013,7/11/2019 20:29
36283,83.87,0.98142,7/11/2019 20:30
36283,84.3,0.94527,7/11/2019 20:31
36283,83.79,0.98796,7/11/2019 20:32
36283,83.52,1.01097,7/11/2019 20:33
36283,83.29,1.02996,7/11/2019 20:34
36283,81.14,1.21015,7/11/2019 20:35
36283,80.89,1.23118,7/11/2019 20:36
36283,80.84,1.23526,7/11/2019 20:37
36283,80.67,1.24912,7/11/2019 20:38
36283,80.48,1.26544,7/11/2019 20:39
36283,80.49,1.26443,7/11/2019 20:40
36283,80.39,1.27257,7/11/2019 20:41
36283,80.22,1.28691,7/11/2019 20:42
36283,80.21,1.28796,7/11/2019 20:43
36283,80.11,1.29595,7/11/2019 20:44
36283,79.97,1.3083,7/11/2019 20:45
36283,79.96,1.30846,7/11/2019 20:46
36283,79.39,1.35672,7/11/2019 20:47
36283,79.28,1.36573,7/11/2019 20:48
36283,79.32,1.36275,7/11/2019 20:49
36283,79.32,1.36275,7/11/2019 20:50
36283,79.28,1.36552,7/11/2019 20:51
36283,79.34,1.36074,7/11/2019 20:52
36283,79.37,1.35827,7/11/2019 20:53
36283,79.37,1.35827,7/11/2019 20:54
36283,79.42,1.35374,7/11/2019 20:55
36283,79.45,1.35158,7/11/2019 20:56
36283,79.45,1.35158,7/11/2019 20:57
36283,79.5,1.34761,7/11/2019 20:58
36283,80.15,1.29259,7/11/2019 20:59
36283,80.33,1.27755,7/11/2019 21:00
36283,80.4,1.27179,7/11/2019 21:01
36283,80.53,1.26089,7/11/2019 21:02
36283,81.52,1.17846,7/11/2019 21:03
36283,81.46,1.18366,7/11/2019 21:04
36283,81.98,1.14002,7/11/2019 21:05
36283,82.19,1.12251,7/11/2019 21:06
36283,82.08,1.13111,7/11/2019 21:07
36283,82,1.13795,7/11/2019 21:08
36283,81.95,1.14206,7/11/2019 21:09
36283,82.78,1.07269,7/11/2019 21:10
36283,85.01,0.88638,7/11/2019 21:11
36283,85.34,0.85887,7/11/2019 21:12
36283,85.19,0.87143,7/11/2019 21:13
36283,85.8,0.81993,7/11/2019 21:14
36283,86.8,0.73679,7/11/2019 21:15
36283,86.6,0.75327,7/11/2019 21:16
36283,86.77,0.7392,7/11/2019 21:17
36283,86.3,0.7783,7/11/2019 21:18
36283,86.16,0.7897,7/11/2019 21:19
36283,85.82,0.81882,7/11/2019 21:20
36283,85.28,0.86322,7/11/2019 21:21
36283,85.06,0.88184,7/11/2019 21:22
36283,84.67,0.9144,7/11/2019 21:23
36283,84.14,0.95941,7/11/2019 21:24
36283,83.89,0.98003,7/11/2019 21:25
36283,83.49,1.01312,7/11/2019 21:26
36283,82.98,1.05637,7/11/2019 21:27
36283,82.72,1.07749,7/11/2019 21:28
36283,82.36,1.1083,7/11/2019 21:29
36283,81.89,1.14764,7/11/2019 21:30
36283,81.65,1.16756,7/11/2019 21:31
36283,81.07,1.2155,7/11/2019 21:32
36283,80.69,1.2481,7/11/2019 21:33
36283,80.48,1.2649,7/11/2019 21:34
36283,80.21,1.28792,7/11/2019 21:35
36283,79.87,1.31607,7/11/2019 21:36
36283,79.68,1.33197,7/11/2019 21:37
36283,79.45,1.3511,7/11/2019 21:38
36283,79.23,1.37011,7/11/2019 21:39
36283,79.11,1.37997,7/11/2019 21:40
36283,78.98,1.39101,7/11/2019 21:41
36283,78.84,1.40263,7/11/2019 21:42
36283,78.75,1.40983,7/11/2019 21:43
36283,78.66,1.41746,7/11/2019 21:44
36283,78.61,1.42166,7/11/2019 21:45
36283,78.61,1.42166,7/11/2019 21:46
36283,76,1.64016,7/11/2019 21:47
36283,76,1.64016,7/11/2019 21:48
36283,76,1.64016,7/11/2019 21:49
36283,76,1.64016,7/11/2019 21:50
36283,76,1.64016,7/11/2019 21:51
36283,76,1.64016,7/11/2019 21:52
36283,76,1.64016,7/11/2019 21:53
36283,76,1.64016,7/11/2019 21:54
36283,76,1.64016,7/11/2019 21:55
36283,76,1.64016,7/11/2019 21:56
36283,76,1.64016,7/11/2019 21:57
36283,76,1.64016,7/11/2019 21:58
36283,76,1.64016,7/11/2019 21:59
36283,76,1.64016,7/11/2019 22:00
36283,76,1.64016,7/11/2019 22:01
36283,76,1.64016,7/11/2019 22:02
36283,76,1.64016,7/11/2019 22:03
36283,76,1.64016,7/11/2019 22:04
36283,76,1.64016,7/11/2019 22:05
36283,76,1.64016,7/11/2019 22:06
36283,76,1.64016,7/11/2019 22:07
36283,76,1.64016,7/11/2019 22:08
36283,76,1.64016,7/11/2019 22:09
36283,76,1.64016,7/11/2019 22:10
36283,76,1.64016,7/11/2019 22:11
36283,76,1.64016,7/11/2019 22:12
36283,76,1.64016,7/11/2019 22:13
36283,76,1.64016,7/11/2019 22:14
36283,76,1.64016,7/11/2019 22:15
36283,76,1.64016,7/11/2019 22:16
36283,76,1.64016,7/11/2019 22:17
36283,76,1.64016,7/11/2019 22:18
36283,76,1.64016,7/11/2019 22:19
36283,76,1.64016,7/11/2019 22:20
36283,76,1.64016,7/11/2019 22:21
36283,76,1.64016,7/11/2019 22:22
36283,76,1.64016,7/11/2019 22:23
36283,76,1.64016,7/11/2019 22:24
36283,76,1.64016,7/11/2019 22:25
36283,76,1.64016,7/11/2019 22:26
36283,76,1.64016,7/11/2019 22:27
36283,76,1.64016,7/11/2019 22:28
36283,76,1.64016,7/11/2019 22:29
36283,76,1.64016,7/11/2019 22:30
36283,76,1.64016,7/11/2019 22:31
36283,75,1.72384,7/11/2019 22:32
36283,75,1.72384,7/11/2019 22:33
36283,75,1.72384,7/11/2019 22:34
36283,75,1.72384,7/11/2019 22:35
36283,75,1.72384,7/11/2019 22:36
36283,75,1.72384,7/11/2019 22:37
36283,75,1.72384,7/11/2019 22:38
36283,75,1.72384,7/11/2019 22:39
36283,75,1.72384,7/11/2019 22:40
36283,75,1.72384,7/11/2019 22:41
36283,75,1.72384,7/11/2019 22:42
36283,75,1.72384,7/11/2019 22:43
36283,75,1.72384,7/11/2019 22:44
36283,75,1.72384,7/11/2019 22:45
36283,75,1.72384,7/11/2019 22:46
36283,77,1.55648,7/11/2019 22:47
36283,77,1.55648,7/11/2019 22:48
36283,81.08,1.21479,7/11/2019 22:49
36283,81.08,1.21479,7/11/2019 22:50
36283,81.02,1.22005,7/11/2019 22:51
36283,82.78,1.07318,7/11/2019 22:52
36283,82.78,1.07318,7/11/2019 22:53
36283,82.7,1.07951,7/11/2019 22:54
36283,82.67,1.08164,7/11/2019 22:55
36283,84.29,0.94625,7/11/2019 22:56
36283,84.12,0.96026,7/11/2019 22:57
36283,84.01,0.96976,7/11/2019 22:58
36283,83.99,0.97127,7/11/2019 22:59
36283,83.79,0.98793,7/11/2019 23:00
36283,86,0.80294,7/11/2019 23:01
36283,88.61,0.58483,7/11/2019 23:02
36283,88.39,0.60331,7/11/2019 23:03
36283,88.23,0.61694,7/11/2019 23:04
36283,90,0.46842,7/11/2019 23:05
36283,90.42,0.43362,7/11/2019 23:06
36283,90.25,0.44752,7/11/2019 23:07
36283,90.13,0.45762,7/11/2019 23:08
36283,90.44,0.43207,7/11/2019 23:09
36283,90.54,0.42376,7/11/2019 23:10
36283,90.57,0.42055,7/11/2019 23:11
36283,90.77,0.40384,7/11/2019 23:12
36283,90.63,0.4163,7/11/2019 23:13
36283,90.43,0.43246,7/11/2019 23:14
36283,90.4,0.43544,7/11/2019 23:15
36283,91.52,0.34164,7/11/2019 23:16
36283,93.91,0.14125,7/11/2019 23:17
36283,93.65,0.16356,7/11/2019 23:18
36283,93.79,0.15179,7/11/2019 23:19
36283,93.66,0.16231,7/11/2019 23:20
36283,95.58,0.00161,7/11/2019 23:21
36283,95.59,0.00118,7/11/2019 23:22
36283,96.79,0,7/11/2019 23:23
36283,96.82,0,7/11/2019 23:24
36283,96.83,0,7/11/2019 23:25
36283,96.71,0,7/11/2019 23:26
36283,96.66,0,7/11/2019 23:27
36283,97.29,0,7/11/2019 23:28
36283,96.88,0,7/11/2019 23:29
36283,96.72,0,7/11/2019 23:30
36283,96.82,0,7/11/2019 23:31
36283,97.08,0,7/11/2019 23:32
36283,96.77,0,7/11/2019 23:33
36283,96.73,0,7/11/2019 23:34
36283,96.72,0,7/11/2019 23:35
36283,96.42,0,7/11/2019 23:36
36283,96.48,0,7/11/2019 23:37
36283,96.53,0,7/11/2019 23:38
36283,96.04,0,7/11/2019 23:39
36283,95.82,0,7/11/2019 23:40
36283,95.78,0,7/11/2019 23:41
36283,95.69,0,7/11/2019 23:42
36283,95.38,0.01839,7/11/2019 23:43
36283,95.33,0.02283,7/11/2019 23:44
36283,94.86,0.06156,7/11/2019 23:45
36283,94.64,0.08038,7/11/2019 23:46
36283,97.08,0,7/11/2019 23:47
36283,97,0,7/11/2019 23:48
36283,96.9,0,7/11/2019 23:49
36283,96.92,0,7/11/2019 23:50
36283,95.76,0,7/11/2019 23:51
36283,95.55,0.00409,7/11/2019 23:52
36283,95.49,0.0094,7/11/2019 23:53
36283,95.43,0.01412,7/11/2019 23:54
36283,95.36,0.01982,7/11/2019 23:55
36283,95.31,0.02457,7/11/2019 23:56
36283,95.26,0.02818,7/11/2019 23:57
36283,95.26,0.02818,7/11/2019 23:58
36283,95,0.0502,7/11/2019 23:59
36283,95,0.0502,8/11/2019 0:00
36283,95,0.0502,8/11/2019 0:01
36283,95,0.0502,8/11/2019 0:02
36283,95,0.0502,8/11/2019 0:03
36283,95,0.0502,8/11/2019 0:04
36283,95,0.0502,8/11/2019 0:05
36283,95,0.0502,8/11/2019 0:06
36283,95,0.0502,8/11/2019 0:07
36283,95,0.0502,8/11/2019 0:08
36283,95,0.0502,8/11/2019 0:09
36283,95,0.0502,8/11/2019 0:10
36283,95,0.0502,8/11/2019 0:11
36283,95,0.0502,8/11/2019 0:12
36283,95,0.0502,8/11/2019 0:13
36283,95,0.0502,8/11/2019 0:14
36283,95,0.0502,8/11/2019 0:15
36283,95,0.0502,8/11/2019 0:16
36283,95,0.0502,8/11/2019 0:17
36283,95,0.0502,8/11/2019 0:18
36283,95,0.0502,8/11/2019 0:19
36283,95,0.0502,8/11/2019 0:20
36283,95,0.0502,8/11/2019 0:21
36283,95,0.0502,8/11/2019 0:22
36283,95,0.0502,8/11/2019 0:23
36283,95,0.0502,8/11/2019 0:24
36283,95,0.0502,8/11/2019 0:25
36283,95,0.0502,8/11/2019 0:26
36283,95,0.0502,8/11/2019 0:27
36283,95,0.0502,8/11/2019 0:28
36283,95,0.0502,8/11/2019 0:29
36283,95,0.0502,8/11/2019 0:30
36283,95,0.0502,8/11/2019 0:31
36283,95,0.0502,8/11/2019 0:32
36283,95,0.0502,8/11/2019 0:33
36283,95,0.0502,8/11/2019 0:34
36283,95,0.0502,8/11/2019 0:35
36283,95,0.0502,8/11/2019 0:36
36283,95,0.0502,8/11/2019 0:37
36283,95,0.0502,8/11/2019 0:38
36283,95,0.0502,8/11/2019 0:39
36283,95,0.0502,8/11/2019 0:40
36283,95,0.0502,8/11/2019 0:41
36283,95,0.0502,8/11/2019 0:42
36283,95,0.0502,8/11/2019 0:43
36283,95,0.0502,8/11/2019 0:44
36283,95,0.0502,8/11/2019 0:45
36283,95,0.0502,8/11/2019 0:46
36283,95,0.0502,8/11/2019 0:47
36283,95,0.0502,8/11/2019 0:48
36283,95,0.0502,8/11/2019 0:49
36283,95,0.0502,8/11/2019 0:50
36283,95,0.0502,8/11/2019 0:51
36283,95,0.0502,8/11/2019 0:52
36283,95,0.0502,8/11/2019 0:53
36283,95,0.0502,8/11/2019 0:54
36283,95,0.0502,8/11/2019 0:55
36283,95,0.0502,8/11/2019 0:56
36283,95,0.0502,8/11/2019 0:57
36283,95,0.0502,8/11/2019 0:58
36283,95,0.0502,8/11/2019 0:59
36283,95,0.0502,8/11/2019 1:00
36283,95,0.0502,8/11/2019 1:01
36283,95,0.0502,8/11/2019 1:02
36283,95,0.0502,8/11/2019 1:03
36283,95,0.0502,8/11/2019 1:04
36283,95,0.0502,8/11/2019 1:05
36283,95,0.0502,8/11/2019 1:06
36283,95,0.0502,8/11/2019 1:07
36283,95,0.0502,8/11/2019 1:08
36283,95,0.0502,8/11/2019 1:09
36283,95,0.0502,8/11/2019 1:10
36283,95,0.0502,8/11/2019 1:11
36283,95,0.0502,8/11/2019 1:12
36283,95,0.0502,8/11/2019 1:13
36283,95,0.0502,8/11/2019 1:14
36283,95,0.0502,8/11/2019 1:15
36283,95,0.0502,8/11/2019 1:16
36283,95,0.0502,8/11/2019 1:17
36283,95,0.0502,8/11/2019 1:18
36283,95,0.0502,8/11/2019 1:19
36283,95,0.0502,8/11/2019 1:20
36283,95,0.0502,8/11/2019 1:21
36283,95,0.0502,8/11/2019 1:22
36283,95,0.0502,8/11/2019 1:23
36283,95,0.0502,8/11/2019 1:24
36283,95,0.0502,8/11/2019 1:25
36283,95,0.0502,8/11/2019 1:26
36283,95,0.0502,8/11/2019 1:27
36283,95,0.0502,8/11/2019 1:28
36283,95,0.0502,8/11/2019 1:29
36283,95,0.0502,8/11/2019 1:30
36283,95,0.0502,8/11/2019 1:31
36283,95,0.0502,8/11/2019 1:32
36283,95,0.0502,8/11/2019 1:33
36283,95,0.0502,8/11/2019 1:34
36283,95,0.0502,8/11/2019 1:35
36283,95,0.0502,8/11/2019 1:36
36283,95,0.0502,8/11/2019 1:37
36283,95,0.0502,8/11/2019 1:38
36283,95,0.0502,8/11/2019 1:39
36283,95,0.0502,8/11/2019 1:40
36283,95,0.0502,8/11/2019 1:41
36283,95,0.0502,8/11/2019 1:42
36283,95,0.0502,8/11/2019 1:43
36283,95,0.0502,8/11/2019 1:44
36283,95,0.0502,8/11/2019 1:45
36283,95,0.0502,8/11/2019 1:46
36283,95,0.0502,8/11/2019 1:47
36283,95,0.0502,8/11/2019 1:48
36283,95,0.0502,8/11/2019 1:49
36283,95,0.0502,8/11/2019 1:50
36283,95,0.0502,8/11/2019 1:51
36283,95,0.0502,8/11/2019 1:52
36283,95,0.0502,8/11/2019 1:53
36283,95,0.0502,8/11/2019 1:54
36283,95,0.0502,8/11/2019 1:55
36283,95,0.0502,8/11/2019 1:56
36283,95,0.0502,8/11/2019 1:57
36283,95,0.0502,8/11/2019 1:58
36283,95,0.0502,8/11/2019 1:59
36283,95,0.0502,8/11/2019 2:00
36283,95,0.0502,8/11/2019 2:01
36283,95,0.0502,8/11/2019 2:02
36283,95,0.0502,8/11/2019 2:03
36283,95,0.0502,8/11/2019 2:04
36283,95,0.0502,8/11/2019 2:05
36283,95,0.0502,8/11/2019 2:06
36283,95,0.0502,8/11/2019 2:07
36283,95,0.0502,8/11/2019 2:08
36283,95,0.0502,8/11/2019 2:09
36283,95,0.0502,8/11/2019 2:10
36283,95,0.0502,8/11/2019 2:11
36283,95,0.0502,8/11/2019 2:12
36283,95,0.0502,8/11/2019 2:13
36283,95,0.0502,8/11/2019 2:14
36283,95,0.0502,8/11/2019 2:15
36283,95,0.0502,8/11/2019 2:16
36283,95,0.0502,8/11/2019 2:17
36283,95,0.0502,8/11/2019 2:18
36283,95,0.0502,8/11/2019 2:19
36283,95,0.0502,8/11/2019 2:20
36283,95,0.0502,8/11/2019 2:21
36283,95,0.0502,8/11/2019 2:22
36283,95,0.0502,8/11/2019 2:23
36283,95,0.0502,8/11/2019 2:24
36283,95,0.0502,8/11/2019 2:25
36283,95,0.0502,8/11/2019 2:26
36283,95,0.0502,8/11/2019 2:27
36283,95,0.0502,8/11/2019 2:28
36283,95,0.0502,8/11/2019 2:29
36283,95,0.0502,8/11/2019 2:30
36283,95,0.0502,8/11/2019 2:31
36283,95,0.0502,8/11/2019 2:32
36283,95,0.0502,8/11/2019 2:33
36283,95,0.0502,8/11/2019 2:34
36283,95,0.0502,8/11/2019 2:35
36283,95,0.0502,8/11/2019 2:36
36283,95,0.0502,8/11/2019 2:37
36283,95,0.0502,8/11/2019 2:38
36283,95,0.0502,8/11/2019 2:39
36283,95,0.0502,8/11/2019 2:40
36283,95,0.0502,8/11/2019 2:41
36283,95,0.0502,8/11/2019 2:42
36283,95,0.0502,8/11/2019 2:43
36283,95,0.0502,8/11/2019 2:44
36283,95,0.0502,8/11/2019 2:45
36283,95,0.0502,8/11/2019 2:46
36283,95,0.0502,8/11/2019 2:47
36283,95,0.0502,8/11/2019 2:48
36283,95,0.0502,8/11/2019 2:49
36283,95,0.0502,8/11/2019 2:50
36283,95,0.0502,8/11/2019 2:51
36283,95,0.0502,8/11/2019 2:52
36283,95,0.0502,8/11/2019 2:53
36283,95,0.0502,8/11/2019 2:54
36283,95,0.0502,8/11/2019 2:55
36283,95,0.0502,8/11/2019 2:56
36283,95,0.0502,8/11/2019 2:57
36283,95,0.0502,8/11/2019 2:58
36283,95,0.0502,8/11/2019 2:59
36283,95,0.0502,8/11/2019 3:00
36283,95,0.0502,8/11/2019 3:01
36283,95,0.0502,8/11/2019 3:02
36283,95,0.0502,8/11/2019 3:03
36283,95,0.0502,8/11/2019 3:04
36283,95,0.0502,8/11/2019 3:05
36283,95,0.0502,8/11/2019 3:06
36283,95,0.0502,8/11/2019 3:07
36283,95,0.0502,8/11/2019 3:08
36283,95,0.0502,8/11/2019 3:09
36283,95,0.0502,8/11/2019 3:10
36283,95,0.0502,8/11/2019 3:11
36283,95,0.0502,8/11/2019 3:12
36283,95,0.0502,8/11/2019 3:13
36283,95,0.0502,8/11/2019 3:14
36283,95,0.0502,8/11/2019 3:15
36283,95,0.0502,8/11/2019 3:16
36283,95,0.0502,8/11/2019 3:17
36283,95,0.0502,8/11/2019 3:18
36283,95,0.0502,8/11/2019 3:19
36283,95,0.0502,8/11/2019 3:20
36283,95,0.0502,8/11/2019 3:21
36283,95,0.0502,8/11/2019 3:22
36283,95,0.0502,8/11/2019 3:23
36283,95,0.0502,8/11/2019 3:24
36283,95,0.0502,8/11/2019 3:25
36283,95,0.0502,8/11/2019 3:26
36283,95,0.0502,8/11/2019 3:27
36283,95,0.0502,8/11/2019 3:28
36283,95,0.0502,8/11/2019 3:29
36283,95,0.0502,8/11/2019 3:30
36283,95,0.0502,8/11/2019 3:31
36283,95,0.0502,8/11/2019 3:32
36283,95,0.0502,8/11/2019 3:33
36283,95,0.0502,8/11/2019 3:34
36283,95,0.0502,8/11/2019 3:35
36283,95,0.0502,8/11/2019 3:36
36283,95,0.0502,8/11/2019 3:37
36283,95,0.0502,8/11/2019 3:38
36283,95,0.0502,8/11/2019 3:39
36283,95,0.0502,8/11/2019 3:40
36283,95,0.0502,8/11/2019 3:41
36283,95,0.0502,8/11/2019 3:42
36283,95,0.0502,8/11/2019 3:43
36283,95,0.0502,8/11/2019 3:44
36283,95,0.0502,8/11/2019 3:45
36283,95,0.0502,8/11/2019 3:46
36283,95,0.0502,8/11/2019 3:47
36283,95,0.0502,8/11/2019 3:48
36283,95,0.0502,8/11/2019 3:49
36283,95,0.0502,8/11/2019 3:50
36283,95,0.0502,8/11/2019 3:51
36283,95,0.0502,8/11/2019 3:52
36283,95,0.0502,8/11/2019 3:53
36283,95,0.0502,8/11/2019 3:54
36283,95,0.0502,8/11/2019 3:55
36283,95,0.0502,8/11/2019 3:56
36283,95,0.0502,8/11/2019 3:57
36283,95,0.0502,8/11/2019 3:58
36283,95,0.0502,8/11/2019 3:59
36283,95,0.0502,8/11/2019 4:00
36283,95,0.0502,8/11/2019 4:01
36283,95,0.0502,8/11/2019 4:02
36283,95,0.0502,8/11/2019 4:03
36283,95,0.0502,8/11/2019 4:04
36283,95,0.0502,8/11/2019 4:05
36283,95,0.0502,8/11/2019 4:06
36283,95,0.0502,8/11/2019 4:07
36283,95,0.0502,8/11/2019 4:08
36283,95,0.0502,8/11/2019 4:09
36283,95,0.0502,8/11/2019 4:10
36283,95,0.0502,8/11/2019 4:11
36283,95,0.0502,8/11/2019 4:12
36283,95,0.0502,8/11/2019 4:13
36283,95,0.0502,8/11/2019 4:14
36283,95,0.0502,8/11/2019 4:15
36283,95,0.0502,8/11/2019 4:16
36283,95,0.0502,8/11/2019 4:17
36283,95,0.0502,8/11/2019 4:18
36283,95,0.0502,8/11/2019 4:19
36283,95,0.0502,8/11/2019 4:20
36283,95,0.0502,8/11/2019 4:21
36283,95,0.0502,8/11/2019 4:22
36283,95,0.0502,8/11/2019 4:23
36283,95,0.0502,8/11/2019 4:24
36283,95,0.0502,8/11/2019 4:25
36283,95,0.0502,8/11/2019 4:26
36283,95,0.0502,8/11/2019 4:27
36283,95,0.0502,8/11/2019 4:28
36283,95,0.0502,8/11/2019 4:29
36283,95,0.0502,8/11/2019 4:30
36283,95,0.0502,8/11/2019 4:31
36283,95,0.0502,8/11/2019 4:32
36283,95,0.0502,8/11/2019 4:33
36283,95,0.0502,8/11/2019 4:34
36283,95,0.0502,8/11/2019 4:35
36283,95,0.0502,8/11/2019 4:36
36283,95,0.0502,8/11/2019 4:37
36283,95,0.0502,8/11/2019 4:38
36283,95,0.0502,8/11/2019 4:39
36283,95,0.0502,8/11/2019 4:40
36283,95,0.0502,8/11/2019 4:41
36283,95,0.0502,8/11/2019 4:42
36283,95,0.0502,8/11/2019 4:43
36283,95,0.0502,8/11/2019 4:44
36283,95,0.0502,8/11/2019 4:45
36283,95,0.0502,8/11/2019 4:46
36283,95,0.0502,8/11/2019 4:47
36283,95,0.0502,8/11/2019 4:48
36283,95,0.0502,8/11/2019 4:49
36283,95,0.0502,8/11/2019 4:50
36283,95,0.0502,8/11/2019 4:51
36283,95,0.0502,8/11/2019 4:52
36283,95,0.0502,8/11/2019 4:53
36283,95,0.0502,8/11/2019 4:54
36283,95,0.0502,8/11/2019 4:55
36283,95,0.0502,8/11/2019 4:56
36283,95,0.0502,8/11/2019 4:57
36283,95,0.0502,8/11/2019 4:58
36283,95,0.0502,8/11/2019 4:59
36283,95,0.0502,8/11/2019 5:00
36283,95,0.0502,8/11/2019 5:01
36283,95,0.0502,8/11/2019 5:02
36283,95,0.0502,8/11/2019 5:03
36283,95,0.0502,8/11/2019 5:04
36283,95,0.0502,8/11/2019 5:05
36283,95,0.0502,8/11/2019 5:06
36283,95,0.0502,8/11/2019 5:07
36283,95,0.0502,8/11/2019 5:08
36283,95,0.0502,8/11/2019 5:09
36283,95,0.0502,8/11/2019 5:10
36283,95,0.0502,8/11/2019 5:11
36283,95,0.0502,8/11/2019 5:12
36283,95,0.0502,8/11/2019 5:13
36283,95,0.0502,8/11/2019 5:14
36283,95,0.0502,8/11/2019 5:15
36283,95,0.0502,8/11/2019 5:16
36283,95,0.0502,8/11/2019 5:17
36283,95,0.0502,8/11/2019 5:18
36283,95,0.0502,8/11/2019 5:19
36283,95,0.0502,8/11/2019 5:20
36283,95,0.0502,8/11/2019 5:21
36283,95,0.0502,8/11/2019 5:22
36283,95,0.0502,8/11/2019 5:23
36283,95,0.0502,8/11/2019 5:24
36283,95,0.0502,8/11/2019 5:25
36283,95,0.0502,8/11/2019 5:26
36283,95,0.0502,8/11/2019 5:27
36283,95,0.0502,8/11/2019 5:28
36283,95,0.0502,8/11/2019 5:29
36283,95,0.0502,8/11/2019 5:30
36283,95,0.0502,8/11/2019 5:31
36283,95,0.0502,8/11/2019 5:32
36283,95,0.0502,8/11/2019 5:33
36283,95,0.0502,8/11/2019 5:34
36283,95,0.0502,8/11/2019 5:35
36283,95,0.0502,8/11/2019 5:36
36283,95,0.0502,8/11/2019 5:37
36283,95,0.0502,8/11/2019 5:38
36283,95,0.0502,8/11/2019 5:39
36283,95,0.0502,8/11/2019 5:40
36283,95,0.0502,8/11/2019 5:41
36283,95,0.0502,8/11/2019 5:42
36283,95,0.0502,8/11/2019 5:43
36283,95,0.0502,8/11/2019 5:44
36283,95,0.0502,8/11/2019 5:45
36283,95,0.0502,8/11/2019 5:46
36283,95,0.0502,8/11/2019 5:47
36283,95,0.0502,8/11/2019 5:48
36283,95,0.0502,8/11/2019 5:49
36283,95,0.0502,8/11/2019 5:50
36283,95,0.0502,8/11/2019 5:51
36283,95,0.0502,8/11/2019 5:52
36283,95,0.0502,8/11/2019 5:53
36283,95,0.0502,8/11/2019 5:54
36283,95,0.0502,8/11/2019 5:55
36283,93,0.21757,8/11/2019 5:56
36283,93,0.21757,8/11/2019 5:57
36283,93,0.21757,8/11/2019 5:58
36283,93,0.21757,8/11/2019 5:59
36283,93,0.21757,8/11/2019 6:00
36283,92,0.30125,8/11/2019 6:01
36283,92,0.30125,8/11/2019 6:02
36283,92,0.30125,8/11/2019 6:03
36283,92,0.30125,8/11/2019 6:04
36283,92,0.30125,8/11/2019 6:05
36283,92,0.30125,8/11/2019 6:06
36283,92,0.30125,8/11/2019 6:07
36283,92,0.30125,8/11/2019 6:08
36283,92,0.30125,8/11/2019 6:09
36283,92,0.30125,8/11/2019 6:10
36283,92,0.30125,8/11/2019 6:11
36283,92,0.30125,8/11/2019 6:12
36283,92,0.30125,8/11/2019 6:13
36283,92,0.30125,8/11/2019 6:14
36283,92,0.30125,8/11/2019 6:15
36283,92,0.30125,8/11/2019 6:16
36283,92,0.30125,8/11/2019 6:17
36283,92,0.30125,8/11/2019 6:18
36283,92,0.30125,8/11/2019 6:19
36283,92,0.30125,8/11/2019 6:20
36283,92,0.30125,8/11/2019 6:21
36283,92,0.30125,8/11/2019 6:22
36283,92,0.30125,8/11/2019 6:23
36283,92,0.30125,8/11/2019 6:24
36283,92,0.30125,8/11/2019 6:25
36283,92,0.30125,8/11/2019 6:26
36283,92,0.30125,8/11/2019 6:27
36283,92,0.30125,8/11/2019 6:28
36283,92,0.30125,8/11/2019 6:29
36283,92,0.30125,8/11/2019 6:30
36283,91,0.38493,8/11/2019 6:31
36283,91,0.38493,8/11/2019 6:32
36283,91,0.38493,8/11/2019 6:33
36283,91,0.38493,8/11/2019 6:34
36283,91,0.38493,8/11/2019 6:35
36283,91,0.38493,8/11/2019 6:36
36283,91,0.38493,8/11/2019 6:37
36283,91,0.38493,8/11/2019 6:38
36283,91,0.38493,8/11/2019 6:39
36283,91,0.38493,8/11/2019 6:40
36283,91,0.38493,8/11/2019 6:41
36283,91,0.38493,8/11/2019 6:42
36283,91.61,0.33388,8/11/2019 6:43
36283,91.62,0.33324,8/11/2019 6:44
36283,91.62,0.33324,8/11/2019 6:45
36283,90.96,0.38799,8/11/2019 6:46
36283,90.97,0.38715,8/11/2019 6:47
36283,91.47,0.34574,8/11/2019 6:48
36283,91.46,0.34633,8/11/2019 6:49
36283,91.47,0.34545,8/11/2019 6:50
36283,91.47,0.34545,8/11/2019 6:51
36283,91.44,0.34794,8/11/2019 6:52
36283,91.44,0.34794,8/11/2019 6:53
36283,91.42,0.34966,8/11/2019 6:54
36283,91.4,0.35185,8/11/2019 6:55
36283,91.39,0.35251,8/11/2019 6:56
36283,91.37,0.35374,8/11/2019 6:57
36283,91.13,0.3744,8/11/2019 6:58
36283,91.17,0.37058,8/11/2019 6:59
36283,91.18,0.37022,8/11/2019 7:00
36283,90.4,0.43531,8/11/2019 7:01
36283,90.42,0.43351,8/11/2019 7:02
36283,90.41,0.43465,8/11/2019 7:03
36283,90.36,0.43858,8/11/2019 7:04
36283,90.57,0.42059,8/11/2019 7:05
36283,90.6,0.41832,8/11/2019 7:06
36283,90.52,0.42546,8/11/2019 7:07
36283,90.52,0.42546,8/11/2019 7:08
36283,90.54,0.42379,8/11/2019 7:09
36283,90.46,0.43009,8/11/2019 7:10
36283,90.46,0.43052,8/11/2019 7:11
36283,90.46,0.43052,8/11/2019 7:12
36283,90.39,0.43565,8/11/2019 7:13
36283,90.38,0.43683,8/11/2019 7:14
36283,90.38,0.43683,8/11/2019 7:15
36283,89.31,0.52639,8/11/2019 7:16
36283,89.29,0.52782,8/11/2019 7:17
36283,89.29,0.52782,8/11/2019 7:18
36283,89.25,0.53162,8/11/2019 7:19
36283,89.23,0.53308,8/11/2019 7:20
36283,89.22,0.53377,8/11/2019 7:21
36283,89.18,0.53696,8/11/2019 7:22
36283,89.16,0.53911,8/11/2019 7:23
36283,89.13,0.54173,8/11/2019 7:24
36283,89.08,0.54556,8/11/2019 7:25
36283,89.05,0.54833,8/11/2019 7:26
36283,89.03,0.55,8/11/2019 7:27
36283,89,0.55232,8/11/2019 7:28
36283,88.98,0.55439,8/11/2019 7:29
36283,88.97,0.55468,8/11/2019 7:30
36283,88.97,0.55468,8/11/2019 7:31
36283,88.97,0.55468,8/11/2019 7:32
36283,86,0.80334,8/11/2019 7:33
36283,86,0.80334,8/11/2019 7:34
36283,86,0.80334,8/11/2019 7:35
36283,86,0.80334,8/11/2019 7:36
36283,86,0.80334,8/11/2019 7:37
36283,86,0.80334,8/11/2019 7:38
36283,86,0.80334,8/11/2019 7:39
36283,86,0.80334,8/11/2019 7:40
36283,86,0.80334,8/11/2019 7:41
36283,86,0.80334,8/11/2019 7:42
36283,86,0.80334,8/11/2019 7:43
36283,86,0.80334,8/11/2019 7:44
36283,86,0.80334,8/11/2019 7:45
36283,83,1.05439,8/11/2019 7:46
36283,83,1.05439,8/11/2019 7:47
36283,83,1.05439,8/11/2019 7:48
36283,83,1.05439,8/11/2019 7:49
36283,83,1.05439,8/11/2019 7:50
36283,83,1.05439,8/11/2019 7:51
36283,83,1.05439,8/11/2019 7:52
36283,83,1.05439,8/11/2019 7:53
36283,83,1.05439,8/11/2019 7:54
36283,83,1.05439,8/11/2019 7:55
36283,83,1.05439,8/11/2019 7:56
36283,83,1.05439,8/11/2019 7:57
36283,83,1.05439,8/11/2019 7:58
36283,83,1.05439,8/11/2019 7:59
36283,83,1.05439,8/11/2019 8:00
36283,80,1.30543,8/11/2019 8:01
36283,80,1.30543,8/11/2019 8:02
36283,80,1.30543,8/11/2019 8:03
36283,80,1.30543,8/11/2019 8:04
36283,80,1.30543,8/11/2019 8:05
36283,80,1.30543,8/11/2019 8:06
36283,80,1.30543,8/11/2019 8:07
36283,80,1.30543,8/11/2019 8:08
36283,80,1.30543,8/11/2019 8:09
36283,80,1.30543,8/11/2019 8:10
36283,80,1.30543,8/11/2019 8:11
36283,80,1.30543,8/11/2019 8:12
36283,80,1.30543,8/11/2019 8:13
36283,80,1.30543,8/11/2019 8:14
36283,80,1.30543,8/11/2019 8:15
36283,80,1.30543,8/11/2019 8:16
36283,80,1.30543,8/11/2019 8:17
36283,80,1.30543,8/11/2019 8:18
36283,80,1.30543,8/11/2019 8:19
36283,80,1.30543,8/11/2019 8:20
36283,80,1.30543,8/11/2019 8:21
36283,80,1.30543,8/11/2019 8:22
36283,80,1.30543,8/11/2019 8:23
36283,80,1.30543,8/11/2019 8:24
36283,80,1.30543,8/11/2019 8:25
36283,80,1.30543,8/11/2019 8:26
36283,80,1.30543,8/11/2019 8:27
36283,80,1.30543,8/11/2019 8:28
36283,80,1.30543,8/11/2019 8:29
36283,80,1.30543,8/11/2019 8:30
36283,81,1.22175,8/11/2019 8:31
36283,81,1.22175,8/11/2019 8:32
36283,81,1.22175,8/11/2019 8:33
36283,81,1.22175,8/11/2019 8:34
36283,81,1.22175,8/11/2019 8:35
36283,81,1.22175,8/11/2019 8:36
36283,81,1.22175,8/11/2019 8:37
36283,81,1.22175,8/11/2019 8:38
36283,81,1.22175,8/11/2019 8:39
36283,81,1.22175,8/11/2019 8:40
36283,81,1.22175,8/11/2019 8:41
36283,81,1.22175,8/11/2019 8:42
36283,81,1.22175,8/11/2019 8:43
36283,81,1.22175,8/11/2019 8:44
36283,81,1.22175,8/11/2019 8:45
36283,82,1.13807,8/11/2019 8:46
36283,82,1.13807,8/11/2019 8:47
36283,82,1.13807,8/11/2019 8:48
36283,82,1.13807,8/11/2019 8:49
36283,82,1.13807,8/11/2019 8:50
36283,82,1.13807,8/11/2019 8:51
36283,82,1.13807,8/11/2019 8:52
36283,82,1.13807,8/11/2019 8:53
36283,82,1.13807,8/11/2019 8:54
36283,82,1.13807,8/11/2019 8:55
36283,82,1.13807,8/11/2019 8:56
36283,82,1.13807,8/11/2019 8:57
36283,82,1.13807,8/11/2019 8:58
36283,82,1.13807,8/11/2019 8:59
36283,82,1.13807,8/11/2019 9:00
36283,83,1.05439,8/11/2019 9:01
36283,83,1.05439,8/11/2019 9:02
36283,83,1.05439,8/11/2019 9:03
36283,83,1.05439,8/11/2019 9:04
36283,83,1.05439,8/11/2019 9:05
36283,83,1.05439,8/11/2019 9:06
36283,83,1.05439,8/11/2019 9:07
36283,83,1.05439,8/11/2019 9:08
36283,83,1.05439,8/11/2019 9:09
36283,83,1.05439,8/11/2019 9:10
36283,83,1.05439,8/11/2019 9:11
36283,83,1.05439,8/11/2019 9:12
36283,83,1.05439,8/11/2019 9:13
36283,83,1.05439,8/11/2019 9:14
36283,83,1.05439,8/11/2019 9:15
36283,83,1.05439,8/11/2019 9:16
36283,83,1.05439,8/11/2019 9:17
36283,83,1.05439,8/11/2019 9:18
36283,83,1.05439,8/11/2019 9:19
36283,83,1.05439,8/11/2019 9:20
36283,83,1.05439,8/11/2019 9:21
36283,83,1.05439,8/11/2019 9:22
36283,83,1.05439,8/11/2019 9:23
36283,83,1.05439,8/11/2019 9:24
36283,83,1.05439,8/11/2019 9:25
36283,83,1.05439,8/11/2019 9:26
36283,83,1.05439,8/11/2019 9:27
36283,83,1.05439,8/11/2019 9:28
36283,83,1.05439,8/11/2019 9:29
36283,83,1.05439,8/11/2019 9:30
36283,84,0.97071,8/11/2019 9:31
36283,84,0.97071,8/11/2019 9:32
36283,84,0.97071,8/11/2019 9:33
36283,84,0.97071,8/11/2019 9:34
36283,84,0.97071,8/11/2019 9:35
36283,84,0.97071,8/11/2019 9:36
36283,84,0.97071,8/11/2019 9:37
36283,84,0.97071,8/11/2019 9:38
36283,84,0.97071,8/11/2019 9:39
36283,84,0.97071,8/11/2019 9:40
36283,84,0.97071,8/11/2019 9:41
36283,84,0.97071,8/11/2019 9:42
36283,84,0.97071,8/11/2019 9:43
36283,84,0.97071,8/11/2019 9:44
36283,84,0.97071,8/11/2019 9:45
36283,84,0.97071,8/11/2019 9:46
36283,84,0.97071,8/11/2019 9:47
36283,84,0.97071,8/11/2019 9:48
36283,84,0.97071,8/11/2019 9:49
36283,84,0.97071,8/11/2019 9:50
36283,84,0.97071,8/11/2019 9:51
36283,84,0.97071,8/11/2019 9:52
36283,84,0.97071,8/11/2019 9:53
36283,84,0.97071,8/11/2019 9:54
36283,84,0.97071,8/11/2019 9:55
36283,84,0.97071,8/11/2019 9:56
36283,84,0.97071,8/11/2019 9:57
36283,84,0.97071,8/11/2019 9:58
36283,84,0.97071,8/11/2019 9:59
36283,84,0.97071,8/11/2019 10:00
36283,84,0.97071,8/11/2019 10:01
36283,84,0.97071,8/11/2019 10:02
36283,84,0.97071,8/11/2019 10:03
36283,84,0.97071,8/11/2019 10:04
36283,84,0.97071,8/11/2019 10:05
36283,84,0.97071,8/11/2019 10:06
36283,84,0.97071,8/11/2019 10:07
36283,84,0.97071,8/11/2019 10:08
36283,84,0.97071,8/11/2019 10:09
36283,84,0.97071,8/11/2019 10:10
36283,84,0.97071,8/11/2019 10:11
36283,84,0.97071,8/11/2019 10:12
36283,84,0.97071,8/11/2019 10:13
36283,84,0.97071,8/11/2019 10:14
36283,84,0.97071,8/11/2019 10:15
36283,85,0.88702,8/11/2019 10:16
36283,85,0.88702,8/11/2019 10:17
36283,85,0.88702,8/11/2019 10:18
36283,85,0.88702,8/11/2019 10:19
36283,85,0.88702,8/11/2019 10:20
36283,85,0.88702,8/11/2019 10:21
36283,85,0.88702,8/11/2019 10:22
